URB_CEDUC_TE1026V,URB_CLMA_EC1010V,URB_CLMA_EC1177V,URB_CPOP1_DE1001V,URB_CPOPCB_DE2009V,URB_CTOUR_CR2001V,URB_CTRAN_TT1057I,COUNTRY_HLTH_RS_BDS1_HBEDT_TOTAL,COUNTRY_ISOC_CIEGI_AC_I_IUGOV12_IND_TOTAL,COUNTRY_SDG_11_60,COUNTRY_SDG_17_60_VHCN_FX_TOTAL,COUNTRY_TRNG_LFSE_01_T_Y25-74,COUNTRY_URB_CEDUC_TE1026V,COUNTRY_URB_CLMA_EC1010V,COUNTRY_URB_CLMA_EC1177V,COUNTRY_URB_CPOP1_DE1001V,COUNTRY_URB_CPOPCB_DE2009V,COUNTRY_URB_CTOUR_CR2001V,COUNTRY_URB_CTRAN_TT1057I,WHO_NO2,WHO_PM10,WHO_PM25
0.7349867555755925,1.4206865080734383,0.3685598130772582,0.6169518710611654,2.9751736271380067,0.9767692623034939,0.2931856241143886,-0.051974832126051064,0.6163090128755367,0.6289517470881861,0.6726796624963631,0.0,0.0,-0.6624048658374874,-1.5188246161736443,-1.4822109939746178,-4017399.1100000003,-0.9442832260833502,0.4141110872828652,0.18638159423657943,-0.1112984822934233,0.2527881040892198
-0.31804796740043956,-0.09997612721448258,-0.5559983282493386,-0.3567041339221145,0.1074457723713022,-0.9554030022990614,0.0739920133968827,-0.051974832126051064,0.6163090128755367,0.6289517470881861,0.6726796624963631,0.0,0.0,-0.6624048658374874,-1.5188246161736443,-1.4822109939746178,-4017399.1100000003,-0.9442832260833502,0.4141110872828652,0.24494538693934453,0.43507588532883673,0.3033457249070637
0.557355149970901,-0.0832694026240346,0.8462325047030076,0.6397336993980083,-0.737297433504897,-0.9194211978174165,0.0,0.6318140961243588,-2.687553648068668,-0.7321131447587353,0.9473377945883037,-0.9588607594936709,-1.5430044671643337,-0.7170302761477033,-1.6976852818915191,-1.6165472947113368,-5866378.5,-0.9748483493454357,0.0,-0.6595398559144784,1.694772344013491,0.4966542750929369
0.0957530192617288,-0.06375681589152883,0.0502368971585637,-0.1404987319752085,0.9601011912658061,0.14663623286520588,0.5072265876594102,-0.328451329773172,2.153648068669527,0.5368829728230726,1.3197556008146634,2.8955696202531644,0.0,0.0,0.0,-1.5796575949899094,-3622814.5,0.0,1.0986489384516411,-0.08226818498721807,-0.8296795952782462,-0.48475836431226754
1.0005419753673541,-0.3757675030122667,1.3541776721839114,0.7178171035192915,0.0,0.0,0.0,0.2223338444456191,0.37939914163090127,-0.3438713255684971,-1.114925807390166,-0.04272151898734171,-1.487583925769824,-0.7675619943836042,-1.473556109312909,-1.5093397693372899,0.0,0.0,0.0,-0.30908668370904024,0.37099494097807745,1.0171003717472122
2.0951102578872094,3.0617415020982004,5.63093609897499,4.009230602675834,0.0,12.916823077537027,-0.9059384258662883,0.5565748427007876,0.0,1.41375485302274,-0.05353505964503937,-0.10126582278481008,0.6611272273114397,0.0,1.7969173526848008,0.6868412729044856,0.0,0.17793744005453074,0.0,0.056239832674878046,0.19561551433389548,0.6156133828996285
0.6634267285088129,0.631146027505111,2.3222584687379646,1.4836498378898717,2.251823273594934,4.713511865044734,-0.33935334277985313,0.5565748427007876,0.0,1.41375485302274,-0.05353505964503937,-0.10126582278481008,0.6611272273114397,0.0,1.7969173526848008,0.6868412729044856,0.0,0.17793744005453074,0.0,-0.21984661863815935,-0.2698145025295106,-0.035687732342007214
0.7454620172598704,0.18443142278280622,1.7740346997864131,0.97672795812041,1.7198020102608227,5.603469763684805,-0.30967409506634036,0.5565748427007876,0.0,1.41375485302274,-0.05353505964503937,-0.10126582278481008,0.6611272273114397,0.0,1.7969173526848008,0.6868412729044856,0.0,0.17793744005453074,0.0,0.5433418545201023,-0.1973018549747046,-0.16356877323420047
0.5448416480367523,0.15390946791856774,0.7030222067060378,0.4177384693660659,0.6210173074797305,1.0887377562141916,-0.1953883807806258,0.5565748427007876,0.0,1.41375485302274,-0.05353505964503937,-0.10126582278481008,0.6611272273114397,0.0,1.7969173526848008,0.6868412729044856,0.0,0.17793744005453074,0.0,0.557285614687428,-0.247892074198988,-0.0029739776951672237
-0.0045390810218411855,-0.10935003348527882,0.11098727175917164,-0.041898206019478065,0.728546282134766,2.681230985709973,-0.6018291897462318,0.5565748427007876,0.0,1.41375485302274,-0.05353505964503937,-0.10126582278481008,0.6611272273114397,0.0,1.7969173526848008,0.6868412729044856,0.0,0.17793744005453074,0.0,0.38252382059028617,-0.4350758853288362,0.005947955390334976
-0.46637187221630894,-0.1118663236684937,-0.3630895522111411,-0.2788023188502593,-0.1037867448388741,-1.0622825381368037,0.4854824165915239,0.5565748427007876,0.0,1.41375485302274,-0.05353505964503937,-0.10126582278481008,0.6611272273114397,0.0,1.7969173526848008,0.6868412729044856,0.0,0.17793744005453074,0.0,0.3630025563560309,0.16020236087689702,0.20817843866171043
-0.278274047091334,-0.24275904613081306,-0.12254748722030288,-0.21265609153470716,0.28872273004630045,0.0,-0.22620121087208536,0.5565748427007876,0.0,1.41375485302274,-0.05353505964503937,-0.10126582278481008,0.6611272273114397,0.0,1.7969173526848008,0.6868412729044856,0.0,0.17793744005453074,0.0,1.5528700906344415,0.40978077571669475,0.0
-0.5327910025350047,-0.17950531926505628,-0.23292211684057504,-0.2757781155490231,-0.7122979926890766,-0.24430098854406554,-0.3699600669844129,0.5565748427007876,0.0,1.41375485302274,-0.05353505964503937,-0.10126582278481008,0.6611272273114397,0.0,1.7969173526848008,0.6868412729044856,0.0,0.17793744005453074,0.0,-0.18266325819195914,-0.0691399662731872,-0.17843866171003714
-0.5310110610830165,-0.29003842884677544,-0.301719242112837,-0.3212036652220983,-0.6381002851172978,0.3631601234076474,-0.265876594100219,0.5565748427007876,0.0,1.41375485302274,-0.05353505964503937,-0.10126582278481008,0.6611272273114397,0.0,1.7969173526848008,0.6868412729044856,0.0,0.17793744005453074,0.0,-0.30072042760864515,-0.3001686340640812,0.0
-0.3033474560276792,-0.10821709728054464,-0.331270521637945,-0.27142693379754734,-0.005186635869095218,-1.1652465017572498,0.6298595903645496,0.5565748427007876,0.0,1.41375485302274,-0.05353505964503937,-0.10126582278481008,0.6611272273114397,0.0,1.7969173526848008,0.6868412729044856,0.0,0.17793744005453074,0.0,0.5628631187543576,-0.06408094435075869,0.1070631970260227
-0.20455481950539775,-0.21355762953802995,-0.18726540871136516,-0.22828613864483344,0.052922919639452545,0.42293991744297255,-0.11974752028854826,0.5565748427007876,0.0,1.41375485302274,-0.05353505964503937,-0.10126582278481008,0.6611272273114397,0.0,1.7969173526848008,0.6868412729044856,0.0,0.17793744005453074,0.0,0.8026957936323496,-0.09780775716694744,0.20817843866171043
-0.5973486413188933,-0.2085374433021344,-0.3401179299852063,-0.30326548599430625,-0.06561735500228168,-0.7663369226258238,-0.12005667911889707,0.5565748427007876,0.0,1.41375485302274,-0.05353505964503937,-0.10126582278481008,0.6611272273114397,0.0,1.7969173526848008,0.6868412729044856,0.0,0.17793744005453074,0.0,-0.8408087380897049,-0.3777403035413151,-0.3509293680297398
-0.3628969302066496,-0.22382982858776634,-0.349109029589197,-0.34486594155976663,0.005186635869095218,-0.7144245435261364,-0.43735669200051513,0.5565748427007876,0.0,1.41375485302274,-0.05353505964503937,-0.10126582278481008,0.6611272273114397,0.0,1.7969173526848008,0.6868412729044856,0.0,0.17793744005453074,0.0,0.605623983267488,-0.49915682967959546,-0.4401486988847581
-0.7590005252558942,-0.25117522413306226,-0.3386664307003181,-0.374640436734432,0.029661073876388278,-0.21067060439079266,0.19899523380136544,0.5565748427007876,0.0,1.41375485302274,-0.05353505964503937,-0.10126582278481008,0.6611272273114397,0.0,1.7969173526848008,0.6868412729044856,0.0,0.17793744005453074,0.0,0.2291424587497099,0.4907251264755481,0.0029739776951672237
-0.7350889490894178,-0.15865726496749707,-0.5344776411810923,-0.399508345285518,-0.012840525606475315,-1.5176687969484501,0.4331315213190779,0.5565748427007876,0.0,1.41375485302274,-0.05353505964503937,-0.10126582278481008,0.6611272273114397,0.0,1.7969173526848008,0.6868412729044856,0.0,0.17793744005453074,0.0,0.20125493841505923,0.175379426644182,0.09516728624535327
4.251065322597328,8.446368414121705,7.4334263820854485,5.939561743907952,6.269367717751632,8.950462153475387,0.6822104856369957,-0.7458097604822078,0.6643776824034328,-0.2723239046034389,1.7398894384637758,0.44778481012658233,0.0,1.2308533609362482,-0.20527326586069913,-0.40985601753838913,0.0,0.18781106945174936,-0.08749731932232435,0.2626074831512901,-0.1804384485666105,-0.5293680297397769
3.7752743305119933,5.68793241255272,5.005857655073128,4.107031507580018,4.716344865325938,0.0,-0.20208682210485646,-0.7458097604822078,0.6643776824034328,-0.2723239046034389,1.7398894384637758,0.44778481012658233,0.0,1.2308533609362482,-0.20527326586069913,-0.40985601753838913,0.0,0.18781106945174936,-0.08749731932232435,0.01812688821752269,0.57672849915683,0.6096654275092941
1.0162589624585987,2.585058734798705,0.884232838182772,0.8812441300512668,0.5221325818666349,0.0,0.6733479325003222,-0.7458097604822078,0.6643776824034328,-0.2723239046034389,1.7398894384637758,0.44778481012658233,0.0,1.2308533609362482,-0.20527326586069913,-0.40985601753838913,0.0,0.18781106945174936,-0.08749731932232435,-0.7441320009295841,0.015177065767284968,0.029739776951673295
0.4576458427478114,1.7994147998594396,-0.05521983271372028,0.14252709477812298,-0.5707044182681816,0.0,0.7944351410537165,-0.7458097604822078,0.6643776824034328,-0.2723239046034389,1.7398894384637758,0.44778481012658233,0.0,1.2308533609362482,-0.20527326586069913,-0.40985601753838913,0.0,0.18781106945174936,-0.08749731932232435,-0.6576806878921684,1.231028667790894,0.871375464684015
-0.6398582427535264,0.46347175088924364,-0.23536712471377613,-0.1515396593866438,-0.37448310581230626,-0.8717045496417871,-0.015148782687105192,-0.7458097604822078,0.6643776824034328,-0.2723239046034389,1.7398894384637758,0.44778481012658233,0.0,1.2308533609362482,-0.20527326586069913,-0.40985601753838913,0.0,0.18781106945174936,-0.08749731932232435,-0.616778991401348,-0.6779089376053963,-0.45204460966542753
-0.326487547937864,0.8756360266389301,-0.4906664751857773,-0.28826293761399296,-0.5462912113787876,-0.4222508343632657,0.6720082442354756,-0.7458097604822078,0.6643776824034328,-0.2723239046034389,1.7398894384637758,0.44778481012658233,0.0,1.2308533609362482,-0.20527326586069913,-0.40985601753838913,0.0,0.18781106945174936,-0.08749731932232435,-0.7831745293980943,0.5649241146711639,-0.7672862453531601
-0.42520579986577495,0.5624036726062251,-0.10596887678003296,0.017338678592034754,-0.4482612001349534,0.0,0.2692773412340589,-0.7458097604822078,0.6643776824034328,-0.2723239046034389,1.7398894384637758,0.44778481012658233,0.0,1.2308533609362482,-0.20527326586069913,-0.40985601753838913,0.0,0.18781106945174936,-0.08749731932232435,-0.4884963978619568,-0.34064080944350755,-0.746468401486989
-0.14134872832839593,0.4408710538602436,-0.14823231950810697,-0.18890415639748045,-0.39174711144902685,0.06776240334343103,-1.1020481772510624,-0.6524612700259081,2.637768240343347,-0.04159733777038269,0.35379691591504203,2.5617088607594938,-1.5018903378257729,-0.6649144220158378,-1.751500695678773,-1.6649663143168407,-5661059.5,-0.9803970269617499,-1.0551147330045034,-1.154078549848943,-0.7959527824620571,-1.8855018587360601
10.774938533544402,17.56890199975071,16.725831924425652,13.355926610131752,17.365668166024648,27.881822723875263,-0.22558289321138716,0.0,1.9381974248927027,-0.1386577925679423,0.0,1.061708860759494,0.6052537250113909,1.1717949624938837,0.5765772233121432,0.21432358015208536,2235459.75,-0.03836320118351755,0.9781256701694192,0.5228910062746922,0.5295109612141654,0.40743494423791865
1.6403527041081922,1.685869353188355,0.7250730927524242,0.6909665433392597,0.7032411899857155,0.7094777325688935,0.5422645884323071,0.0,1.9381974248927027,-0.1386577925679423,0.0,1.061708860759494,0.6052537250113909,1.1717949624938837,0.5765772233121432,0.21432358015208536,2235459.75,-0.03836320118351755,0.9781256701694192,0.3788054845456662,0.19392917369308638,0.32118959107806705
0.8947962559469822,1.5021193259001415,0.09114973878090006,0.24651337050604094,-0.14492238613632408,-0.6270718879150082,0.7063248744042252,0.0,1.9381974248927027,-0.1386577925679423,0.0,1.061708860759494,0.6052537250113909,1.1717949624938837,0.5765772233121432,0.21432358015208536,2235459.75,-0.03836320118351755,0.9781256701694192,-0.4782709737392518,0.12647554806070826,0.42230483271375474
-0.23578338301902918,1.2272899036426772,-0.011466489756376928,0.26239695943943486,0.4885270714117998,-0.1899060734866775,0.4329254154321781,0.0,1.9381974248927027,-0.1386577925679423,0.0,1.061708860759494,0.6052537250113909,1.1717949624938837,0.5765772233121432,0.21432358015208536,2235459.75,-0.03836320118351755,0.9781256701694192,0.41041134092493614,0.47217537942664434,0.1843866171003721
0.5137246614146767,0.7462849650041867,-0.10756205258165169,-0.05402453397008434,-0.3076521500532657,0.2918935145396413,1.477779209068659,0.0,1.9381974248927027,-0.1386577925679423,0.0,1.061708860759494,0.6052537250113909,1.1717949624938837,0.5765772233121432,0.21432358015208536,2235459.75,-0.03836320118351755,0.9781256701694192,-0.8110620497327446,-0.2664418212478918,-0.2200743494423793
0.7089478823742421,0.8955215640265997,-0.09083463344505478,-0.056963677805933075,-0.0978725392159197,-0.16273372669954778,1.5124049980677574,0.0,1.9381974248927027,-0.1386577925679423,0.0,1.061708860759494,0.6052537250113909,1.1717949624938837,0.5765772233121432,0.21432358015208536,2235459.75,-0.03836320118351755,0.9781256701694192,-0.5042993260515918,-0.5531197301854976,-0.5531598513011152
-0.1758278644946421,0.2987300945686245,-0.5505680801196016,-0.4174738806757561,-0.6608142924666888,-0.7660854201290406,1.2788870282107432,0.0,1.9381974248927027,-0.1386577925679423,0.0,1.061708860759494,0.6052537250113909,1.1717949624938837,0.5765772233121432,0.21432358015208536,2235459.75,-0.03836320118351755,0.9781256701694192,-1.1438531257262379,-0.4502529510961211,-0.37472118959107814
0.1074882126648729,0.1757642636372407,0.0024901380491787616,0.027915567045755155,-0.03513434341386036,-0.7423272773303642,-0.4113873502511916,0.009252894834240995,-1.2789699570815443,-0.8391569606211868,-0.5039278440500438,-0.7056962025316454,0.0,0.0,0.0,0.0,0.0,0.0,0.0,0.24308621891703489,1.8853288364249579,1.9420074349442389
1.230563708549729,-0.11912111530273725,2.064655585435493,1.3496935247430901,0.2409680769405735,2.6456099724041713,0.06760273090300142,0.29971448210225765,0.7201716738197422,-0.4747642817526346,0.1489671224905442,-0.3148734177215189,-1.5659696592575236,-0.6960216081127141,-1.5494675469804033,-1.5327557634443183,-5500659.0,-0.9575538722635039,-3.0872828651082993,-0.009760632117127629,1.3591905564924118,1.3680297397769525
0.0,0.0,0.0,0.7564897725004605,0.0,0.0,0.0,-0.7663247501718394,1.5716738197424887,-0.18968386023294517,0.10357870235670648,0.338607594936709,0.0,0.0,0.0,0.0,0.0,0.0,0.0,-0.8463862421566352,-1.2141652613827993,-1.222304832713755
2.3685425673731855,3.6622571260968986,3.036527477950887,2.8800565918442116,1.7380416797338076,10.708926291653711,2.5595259564601314,-0.6878866388198592,-2.2695278969957067,0.37714919578480294,-1.0869944719231888,-0.015822784810126528,-0.2166817314710955,0.6504427827606862,0.20527326586069913,0.0,408776.0,0.0,3.513832296804633,0.5898210550778528,0.9561551433389548,0.588847583643123
2.3814453941797042,3.222062679089905,4.858135306553572,4.277341691649711,2.9976954408138035,4.506197228656135,1.9311091073038773,-0.6878866388198592,-2.2695278969957067,0.37714919578480294,-1.0869944719231888,-0.015822784810126528,-0.2166817314710955,0.6504427827606862,0.20527326586069913,0.0,408776.0,0.0,3.513832296804633,1.142923541715083,2.111298482293424,3.3814126394052058
0.8257496092569582,5.318963653507997,1.9303707468133464,3.070654946843672,-0.1884405662495303,0.15706108498562954,2.1769934303748553,-0.6878866388198592,-2.2695278969957067,0.37714919578480294,-1.0869944719231888,-0.015822784810126528,-0.2166817314710955,0.6504427827606862,0.20527326586069913,0.0,408776.0,0.0,3.513832296804633,0.15291656983499918,2.300168634064081,1.3650557620817847
0.5253279757089943,0.593368999321844,0.0,0.12791660436491126,0.006742626629823783,-0.126758848965167,2.6451629524668294,-0.6878866388198592,-2.2695278969957067,0.37714919578480294,-1.0869944719231888,-0.015822784810126528,-0.2166817314710955,0.6504427827606862,0.20527326586069913,0.0,408776.0,0.0,3.513832296804633,1.3251220079014647,2.3338954468802706,3.443866171003719
-0.4693588572581386,0.8684679939184256,-0.6395324707183734,-0.17442361833717718,-0.8500103786744839,-1.0749243393320405,2.2622182146077545,-0.6878866388198592,-2.2695278969957067,0.37714919578480294,-1.0869944719231888,-0.015822784810126528,-0.2166817314710955,0.6504427827606862,0.20527326586069913,0.0,408776.0,0.0,3.513832296804633,0.27190332326284034,1.0961214165261384,-0.31226765799256484
-0.6722104230986343,-0.0292107121906837,-0.4822667017714966,-0.28955306495731703,-0.511582388216021,-0.87238208814272,0.9433466443385289,-0.6878866388198592,-2.2695278969957067,0.37714919578480294,-1.0869944719231888,-0.015822784810126528,-0.2166817314710955,0.6504427827606862,0.20527326586069913,0.0,408776.0,0.0,3.513832296804633,0.6688356960260285,0.0691399662731872,0.2795539033457254
-0.2295183576188654,-0.2912308005411165,-0.16593648459622473,-0.3157965553519516,-0.6214886430143345,-0.8034398288485921,0.0,0.13644054354147941,0.13648068669527919,0.2063227953410981,0.5562990980506256,-0.175632911392405,-1.6515146368718014,-0.7667147475795683,-1.8419520574622839,-1.7453401647940265,-5877416.75,-1.0178711972758603,-1.8065622989491747,-0.9644434115733213,0.7015177065767285,-0.020817843866171096
-0.07819944923837889,0.0,-0.19943492184299721,-0.21672166309920238,-0.2448524349868701,-0.4142711035034673,-0.37428829060930036,-0.092819753608629,1.6120171673819736,-0.4370493621741543,-0.0384055862670936,-0.14556962025316456,-1.6885165364080235,-0.7823949915478834,-1.8860241838360066,-1.7741510704486312,-5764228.5,-1.0247850432988401,-2.5710915719493888,-0.643736927724843,1.1568296795952782,0.6245353159851307
-0.039312514035080515,-0.02238182795115867,0.6906496480773052,0.32472022301381326,1.3120099687141404,0.0,-1.153162437202112,-0.7349442182625706,2.4566523605150206,0.7276760953965611,1.7515274949083497,1.7610759493670889,-1.0551415143886413,-0.6693595192115455,-1.1939909593688003,-1.3022675554524905,-3646938.29,-0.8698478342835394,-0.8162127385803132,0.05438066465256807,-0.040472175379426385,-0.03271375464683999
-0.33984333597845057,-0.1302349884896555,0.04516966488184875,-0.0003222002887359002,0.6342998497208275,7.340050880858156,-0.43158572716733207,-0.7349442182625706,2.4566523605150206,0.7276760953965611,1.7515274949083497,1.7610759493670889,-1.0551415143886413,-0.6693595192115455,-1.1939909593688003,-1.3022675554524905,-3646938.29,-0.8698478342835394,-0.8162127385803132,-0.39832674877992114,-0.08600337268128129,-0.746468401486989
-0.20176437357529928,0.24282439700090214,0.8573435943235584,0.6508362945691398,0.9590676099956704,0.0,-0.012778564987762553,-0.7349442182625706,2.4566523605150206,0.7276760953965611,1.7515274949083497,1.7610759493670889,-1.0551415143886413,-0.6693595192115455,-1.1939909593688003,-1.3022675554524905,-3646938.29,-0.8698478342835394,-0.8162127385803132,-0.024633976295607776,-0.040472175379426385,-0.17843866171003714
-0.08928326562017826,0.0,0.09134669976320349,-0.11212552412525541,0.3323048786685589,0.0,0.0,-0.6044784010997726,2.8892703862660927,-0.1103716028840822,0.9461739889438465,1.6313291139240509,0.0,0.0,0.0,0.0,0.0,0.0,0.0,0.10457820125493844,-0.521079258010118,-1.2669144981412643
1.9668877660587447,-0.014281418592745069,0.0,1.4564280155052163,0.0,0.9789839999501065,3.9201339688264842,0.1751969544757573,-1.1467811158798278,-0.4215196894065447,0.3735816118708176,-0.48101265822784817,-0.92893990554115,-0.34955721723931377,-0.4234227766878568,-0.6630269203350064,0.0,-0.8220625599454693,3.075058974908857,0.21519869858238425,1.8043844856661044,2.6527881040892205
-0.38031299109453465,-0.08202097565750509,0.0,-0.1419292095526803,0.0,-1.2637642581416346,2.293340203529563,0.1751969544757573,-1.1467811158798278,-0.4215196894065447,0.3735816118708176,-0.48101265822784817,-0.92893990554115,-0.34955721723931377,-0.4234227766878568,-0.6630269203350064,0.0,-0.8220625599454693,3.075058974908857,-0.6325819195909832,2.318718381112985,3.271375464684016
0.4811152059128929,-0.27752148374643587,0.0,0.006811282360006052,0.0,0.6357850946080922,2.820456009274764,0.1751969544757573,-1.1467811158798278,-0.4215196894065447,0.3735816118708176,-0.48101265822784817,-0.92893990554115,-0.34955721723931377,-0.4234227766878568,-0.6630269203350064,0.0,-0.8220625599454693,3.075058974908857,0.7757378573088545,3.590219224283305,5.347211895910783
0.2334622765823095,-0.41972159684287697,0.0,-0.1767780541810665,0.0,-0.8373295812049862,3.3218085791575414,0.1751969544757573,-1.1467811158798278,-0.4215196894065447,0.3735816118708176,-0.48101265822784817,-0.92893990554115,-0.34955721723931377,-0.4234227766878568,-0.6630269203350064,0.0,-0.8220625599454693,3.075058974908857,-0.24029746688356943,1.2951096121416525,2.7182156133829007
0.09040841791346531,-0.4968412572437004,0.0,-0.3368441948637859,0.0,-1.1145894442369737,3.7488599768130872,0.1751969544757573,-1.1467811158798278,-0.4215196894065447,0.3735816118708176,-0.48101265822784817,-0.92893990554115,-0.34955721723931377,-0.4234227766878568,-0.6630269203350064,0.0,-0.8220625599454693,3.075058974908857,-0.8454566581454801,1.345699831365936,2.5724907063197042
1.2034295392569603,1.5667871103859294,1.7656480221821262,1.547301391994483,1.28211477585755,4.894225231607145,0.0,-0.6180405012425315,-0.9484978540772525,-0.7371048252911813,1.5443700901949369,0.2911392405063291,-1.4201202500707002,-0.630702441010835,-1.5557531540811758,-1.5154330364945314,-4919407.0,-0.8831570713590967,0.0,-0.6084127353009529,0.247892074198988,-0.17843866171003714
0.0045390810218414335,0.7822668160534977,0.2281233688161282,0.2729469149823202,-0.527682570393004,0.4901301714623672,0.0,-0.6180405012425315,-0.9484978540772525,-0.7371048252911813,1.5443700901949369,0.2911392405063291,-1.4201202500707002,-0.630702441010835,-1.5557531540811758,-1.5154330364945314,-4919407.0,-0.8831570713590967,0.0,0.6316523355798284,-0.32546374367622255,-1.4661710037174724
1.7467622548512598,0.0,0.0,1.8872374892546557,0.0,-0.13083458297198688,0.0,0.34930999841378935,-3.7802575107296117,-1.6816417082640043,1.2464358452138493,-0.8544303797468354,-1.2955672146591217,-0.5857407805640953,-1.1777403123485195,-1.1536249183866387,-5574306.5,-0.9665026394705352,-5.951104439202231,0.5256797583081574,1.025295109612142,1.7784386617100378
0.0,0.7006816067581814,1.9870128650819687,1.0813201749627634,1.729551733108973,3.9657759987370933,-1.0889604534329511,-0.9715803944376882,2.5819742489270374,0.04159733777038269,1.1125981961012512,3.496835443037975,0.0,-0.7180062550412033,-1.6303934890410359,-1.521588577104221,-4097366.1100000003,-0.8801923518810507,-2.4705125455715207,-0.8835696026028355,-0.7403035413153455,-2.111524163568774
0.0,-0.08192323103715639,-0.18121135678313405,-0.14664341421075533,0.16763718588841714,0.37969940005158664,-1.6200953239726903,-0.9715803944376882,2.5819742489270374,0.04159733777038269,1.1125981961012512,3.496835443037975,0.0,-0.7180062550412033,-1.6303934890410359,-1.521588577104221,-4097366.1100000003,-0.8801923518810507,-2.4705125455715207,-0.511735998140832,-0.43676222596964587,-1.5762081784386621
0.0,6.60057872139051,15.847286415196493,11.245678728910796,0.0,0.0,-0.946026020868221,0.0,-0.06695278969957089,0.0,-1.2138492871690425,0.8987341772151899,0.0,0.0,0.0,0.166470471111666,0.0,0.0,0.0,0.7915407854984897,0.0,-0.31524163568773206
0.14901614218205766,0.565482205620034,0.411355912766271,0.48635683879847635,0.8351042032965321,0.0,-0.5392760530722656,0.0,-0.06695278969957089,0.0,-1.2138492871690425,0.8987341772151899,0.0,0.0,0.0,0.166470471111666,0.0,0.0,0.0,-1.0378805484545668,-1.281618887015177,-1.368029739776952
-0.1318027622531451,-0.13450448477388108,0.11478618491170876,0.0003222002887359002,-0.38173820088064037,0.0,-0.06543861909055741,0.0,-0.06695278969957089,0.0,-1.2138492871690425,0.8987341772151899,0.0,0.0,0.0,0.166470471111666,0.0,0.0,0.0,0.009760632117127629,-0.6205733558178752,-0.47881040892193305
-0.00883786227035506,-0.08943491919519841,-0.27244684289839216,-0.23340580423768614,-0.4096685952187646,0.0,-0.9557129975524925,0.0,-0.06695278969957089,0.0,-1.2138492871690425,0.8987341772151899,0.0,0.0,0.0,0.166470471111666,0.0,0.0,0.0,-0.6911457122937487,-1.9038785834738616,-2.206691449814127
-1.0141175050536952,-0.19295407763373515,-0.5303335627719246,-0.3474735241920869,-0.4767742986056486,0.0,-0.3054489243849025,0.0,-0.06695278969957089,0.0,-1.2138492871690425,0.8987341772151899,0.0,0.0,0.0,0.166470471111666,0.0,0.0,0.0,1.0276551243318617,0.0,0.0
-0.24173756270602104,-0.31900801886161323,-0.36663593785220183,-0.38532138865086574,-0.3791989104030625,0.0,-0.5190776761561251,0.0,-0.06695278969957089,0.0,-1.2138492871690425,0.8987341772151899,0.0,0.0,0.0,0.166470471111666,0.0,0.0,0.0,-0.1268882175226585,-1.7200674536256324,-1.8676579925650563
0.04643876290401049,-0.12957500103871267,-0.3988717778363934,-0.3407879122895264,-0.03830366607631465,0.0,-1.3107303877366994,0.0,-0.06695278969957089,0.0,-1.2138492871690425,0.8987341772151899,0.0,0.0,0.0,0.166470471111666,0.0,0.0,0.0,-0.3499883801998607,-0.9814502529510962,-1.225278810408922
-0.1855439256171116,-0.11619497375754125,-0.3562600268572902,-0.289861573056443,-0.5443716518509573,0.0,-0.3194641246940615,0.0,-0.06695278969957089,0.0,-1.2138492871690425,0.8987341772151899,0.0,0.0,0.0,0.166470471111666,0.0,0.0,0.0,-0.18452242621426912,-0.6998313659359189,-0.5085501858736058
