geo_code,URB_CEDUC_TE1026V,URB_CLMA_EC1010V,URB_CLMA_EC1177V,URB_CPOP1_DE1001V,URB_CPOPCB_DE2009V,URB_CTRAN_TT1057I
BE001C,119145.25,66805.28571428571,452121.6,1230954.0,577332.5714285715,400.94
BE002C,54047.6,18004.0,208335.8,533120.2857142857,171139.57142857142,388.2857142857143
BE003C,87667.6,7265.428571428572,119233.6,264848.85714285716,60383.0,410.95
BE004C,7252.75,11536.57142857143,66880.4,223880.7142857143,44505.42857142857,426.55285714285714
BE005C,46356.75,19904.714285714286,132491.4,397362.28571428574,105313.85714285714,426.0357142857143
BE006C,4829.4,1827.857142857143,51764.6,119063.85714285714,13909.42857142857,478.7471428571429
BE007C,16101.5,4351.285714285715,41718.8,113006.71428571429,19935.714285714286,466.34285714285716
BE008C,57084.4,1978.857142857143,46889.8,101642.85714285714,26838.14285714286,819.0385714285715
BE009C,17880.5,5471.857142857143,41033.0,131184.42857142858,25517.285714285714,534.8714285714285
BE010C,14539.6,1381.5714285714287,33079.6,77806.14285714286,11004.42857142857,558.7271428571429
BE011C,311.4,1844.5714285714287,26048.2,71937.28571428571,13051.0,397.30571428571426
BE012C,6747.666666666667,1929.25,38253.0,88147.25,17560.25,389.9925
BE013C,249.0,1955.75,22138.5,60275.0,19544.75,469.175
BE014C,674.5,5018.75,36132.5,105092.75,19398.0,461.71750000000003
BE015C,723.5,3803.25,22437.0,70837.75,16108.0,421.71
BG001C,99242.2,15668.6,541602.2,1233127.6,48790.8,
BG002C,35436.4,4687.2,145153.8,345015.0,9686.2,
BG003C,24661.4,4644.8,141066.6,334731.0,13894.6,
BG004C,6374.6,2858.4,84180.8,200707.0,7037.8,
BG005C,3213.6,2260.6,38624.4,94039.0,2283.2,
BG006C,6431.8,1970.4,58771.0,139502.2,3200.0,
BG007C,371.2,1126.0,14971.6,40527.0,872.8,
BG008C,5249.6,1849.8,56156.6,131415.8,3709.8,
BG009C,1264.0,2083.2,32489.6,84789.0,1537.8,
BG010C,633.2,2061.4,31927.2,82106.2,2018.8,
BG011C,6656.2,1772.4,29692.2,74423.6,2279.0,
BG012C,63.0,1870.2,28969.4,72155.8,977.6,
BG013C,764.8,1630.4,25992.2,66446.6,1180.4,
BG014C,932.8,1683.8,27159.6,69244.6,1233.4,
BG015C,0.0,1563.8,24983.8,67355.4,1635.2,
BG016C,9561.4,1794.0,26617.6,68652.6,2583.2,
BG017C,12135.2,1642.0,25719.4,67672.6,1417.8,
BG018C,932.8,1283.4,20562.6,51688.6,784.0,
CH001C,32556.475000000002,5563.9400000000005,116137.4325,229127.4,64222.2,411.1775
CH002C,77469.85,21101.065,360752.315,692736.8,289499.0,419.1775
CH003C,24625.625,22837.8725,166583.205,414042.0,217230.4,409.4825
CH004C,21571.95,9921.3325,157373.6075,344981.6,127954.0,395.645
CH005C,38064.4,12114.07,116568.0575,254830.4,122762.6,413.4475
CH006C,17630.85,4034.625,81744.57250000001,162912.0,47222.4,440.79
CH007C,14347.85,3258.955,56674.582500000004,113057.0,35632.2,400.955
CH008C,3400.875,3524.735,36962.525,88118.4,41366.0,607.7475
CH009C,15411.650000000001,2225.6975,37531.84,75997.2,26842.0,451.9325
CZ001C,,9435.0,676706.0,1292448.2,,
CZ002C,,,,379852.8,,
CZ003C,,,,285920.4,,
CZ004C,,,,171043.4,,
CZ005C,,,,92007.4,,
CZ006C,,,,100212.2,,
CZ007C,,,,103723.0,,
CZ008C,,,,93827.2,,
CZ009C,,,,92048.4,,
CZ010C,,,,89959.4,,
CZ011C,,,,74248.2,,
CZ012C,,,,68322.6,,
CZ013C,,,,47418.0,,
CZ014C,,,,50601.6,,
CZ015C,,,,70931.6,,
CZ016C,,,,65029.6,,
CZ017C,,,,51822.2,,
CZ018C,,,,66992.6,,
DE001C,198541.83333333334,122041.66666666667,1775178.3333333333,3191667.5714285714,,289.2825
DE002C,112590.16666666667,47350.0,925071.6666666666,1637088.0,483200.0,345.6875
DE003C,114319.83333333333,29596.0,794403.5,1321189.4285714286,385760.0,348.58000000000004
DE004C,103317.16666666667,28170.833333333332,524517.3333333334,956187.5714285715,210925.0,362.535
DE005C,71649.83333333333,19880.5,376280.5,680983.0,240616.66666666666,320.5275
DE006C,33772.666666666664,18457.333333333332,252951.0,534527.5714285715,138380.0,431.2925
DE007C,52063.0,14405.0,315126.5,581990.2857142857,185183.33333333334,356.8825
DE008C,39709.0,15620.333333333334,291847.0,532773.7142857143,70150.0,341.535
DE009C,37911.166666666664,11421.666666666666,268993.3333333333,500358.85714285716,64900.0,352.96
DE010C,52492.333333333336,18172.0,259111.5,519362.0,151240.0,447.4475
DE011C,61156.666666666664,15534.333333333334,298349.0,542222.2857142857,146100.0,369.9625
DE012C,35159.833333333336,16563.666666666668,257119.0,502736.28571428574,137533.33333333334,369.15
DE013C,50156.5,14111.0,256068.5,474160.5714285714,147740.0,337.5875
DE014C,26393.833333333332,13632.666666666666,259261.5,450395.14285714284,146080.0,400.54
DE015C,57656.833333333336,9465.5,165069.83333333334,320713.85714285716,24900.0,462.305
DE016C,38384.166666666664,8272.5,153662.0,305040.14285714284,82350.0,450.8375
DE017C,21456.333333333332,7933.833333333333,101341.83333333333,239200.16666666666,29000.0,350.8125
DE018C,17074.166666666668,7262.2,107109.33333333333,216837.0,52516.666666666664,410.36
DE019C,13764.166666666666,7724.333333333333,132518.16666666666,252915.57142857142,76100.0,433.59000000000003
DE020C,33921.666666666664,2477.0,55112.5,118196.0,61175.0,384.6025
DE021C,5011.166666666667,3417.0,72377.66666666667,163577.57142857142,38866.666666666664,493.40749999999997
DE022C,,2270.0,42935.833333333336,96125.28571428571,21425.0,548.7175
DE023C,42280.0,3268.0,77809.33333333333,147062.42857142858,27000.0,378.88
DE024C,16624.0,2070.0,49545.666666666664,107570.42857142857,25850.0,625.9525
DE025C,32453.0,5645.75,113111.5,210731.57142857142,71233.33333333333,333.23
DE026C,31621.0,2226.6666666666665,82385.83333333333,137274.7142857143,,411.455
DE027C,5369.666666666667,1483.3333333333333,24487.166666666668,63073.57142857143,,438.875
DE028C,4699.833333333333,1374.6666666666667,29429.166666666668,65100.0,11533.333333333334,403.8475
DE029C,736.5,2544.3333333333335,41959.0,143153.0,10600.0,397.555
DE030C,64859.833333333336,5351.25,100732.5,280487.85714285716,90225.0,398.1425
DE031C,26780.833333333332,7958.8,148008.16666666666,296050.85714285716,92200.0,397.2225
DE032C,39596.0,7682.6,152410.66666666666,315051.5714285714,,403.845
DE033C,38783.5,6080.0,155025.16666666666,304362.4285714286,76283.33333333333,371.88
DE034C,8324.0,7626.25,117439.33333333333,268694.85714285716,63783.333333333336,475.3375
DE035C,37180.166666666664,6176.166666666667,108842.5,208025.42857142858,47350.0,386.4525
DE036C,35926.166666666664,7477.8,120238.66666666667,240229.42857142858,49780.0,384.5275
DE037C,31263.833333333332,5315.666666666667,78002.0,169193.42857142858,49850.0,454.19
DE038C,26670.833333333332,3251.0,89963.5,190586.57142857142,25500.0,374.3675
DE039C,15916.0,2362.0,53705.5,111587.28571428571,28800.0,451.64250000000004
DE040C,14266.166666666666,4559.0,96941.66666666667,205178.14285714287,19366.666666666668,367.5525
DE041C,16128.0,3224.0,47421.833333333336,109162.28571428571,24300.0,437.055
DE042C,2672.0,1958.6666666666667,39822.666666666664,101919.85714285714,20666.666666666668,542.6424999999999
DE043C,4974.5,1884.3333333333333,44102.166666666664,104643.14285714286,31933.333333333332,470.195
DE044C,,2729.3333333333335,44879.5,111514.28571428571,19400.0,449.115
DE045C,3982.6666666666665,2529.3333333333335,31410.833333333332,75831.33333333333,19716.666666666668,489.1625
DE046C,10128.833333333334,1620.6666666666667,44627.166666666664,106757.28571428571,27600.0,472.6975
DE047C,27507.833333333332,1090.6666666666667,46214.833333333336,93344.71428571429,24333.333333333332,363.16499999999996
DE048C,6647.166666666667,1535.6666666666667,40720.666666666664,85969.83333333333,27320.0,514.3225
DE049C,9671.0,2407.6666666666665,43695.5,105305.0,28900.0,426.8375
DE050C,22824.5,1362.0,31707.333333333332,76837.16666666667,,384.7875
DE051C,16052.333333333334,1297.3333333333333,38670.833333333336,86046.42857142857,19880.0,385.555
DE052C,,1966.3333333333333,36542.833333333336,102588.57142857143,38133.333333333336,462.095
DE053C,2765.1666666666665,1892.3333333333333,31914.0,72384.0,15640.0,433.2025
DE054C,38770.333333333336,2504.0,39810.0,96366.0,,347.04
DE055C,9535.333333333334,1705.3333333333333,34773.333333333336,92182.71428571429,,401.8175
DE056C,12724.333333333334,1291.3333333333333,35186.166666666664,73940.42857142857,24100.0,430.8825
DE057C,0.0,1537.0,27796.5,69610.66666666667,10800.0,501.175
DE058C,3368.3333333333335,1488.3333333333333,34826.166666666664,75265.71428571429,20133.333333333332,495.755
DE059C,12185.666666666666,1188.6666666666667,37268.0,80645.42857142857,,428.2675
DE060C,0.0,1638.0,27923.5,72814.42857142857,,476.01
DE061C,2112.0,2091.0,25961.5,63751.666666666664,4875.0,434.395
DE062C,9350.0,1152.6666666666667,32842.5,68600.66666666667,,467.825
DE063C,5434.666666666667,968.0,32532.333333333332,72909.85714285714,,475.35249999999996
DE064C,4603.0,1273.3333333333333,35671.166666666664,90714.0,,453.1975
DE065C,,977.3333333333334,30640.0,68729.71428571429,87575.0,495.78999999999996
DE066C,5472.666666666667,1080.3333333333333,31249.5,69046.0,18366.666666666668,463.1075
DE067C,,1069.0,20585.833333333332,49254.42857142857,,495.6775
DE068C,2282.0,1868.0,23965.0,59349.166666666664,60000.0,398.4825
DE069C,2277.1666666666665,830.0,33028.333333333336,61325.0,,513.1675
DE070C,4147.666666666667,1172.3333333333333,29917.666666666668,60264.666666666664,18500.0,383.89750000000004
DE071C,1485.3333333333333,2200.0,21449.333333333332,65618.71428571429,19133.333333333332,401.5875
DE072C,6333.5,934.6666666666666,24985.0,57964.42857142857,17700.0,526.0075
DE073C,3942.0,738.0,33374.833333333336,64822.57142857143,27400.0,488.13
DE074C,3018.0,1239.6666666666667,25352.5,58224.28571428572,57300.0,436.4075
DE075C,10250.5,1376.0,28578.833333333332,59300.833333333336,32800.0,371.1975
DE076C,1721.5,1702.3333333333333,25104.0,53180.166666666664,,517.0074999999999
DE077C,302.0,1062.6666666666667,24314.5,50757.333333333336,,505.435
DE078C,11895.833333333334,899.6666666666666,25280.333333333332,52744.666666666664,,446.0675
DE079C,1548.0,1982.3333333333333,33467.833333333336,80198.5,13483.333333333334,477.095
DE080C,17618.833333333332,16633.0,208621.66666666666,693515.1428571428,147420.0,425.2875
DE081C,27947.5,8564.833333333334,153434.66666666666,401496.14285714284,95216.66666666667,400.9925
DE082C,5732.5,10037.333333333334,103694.16666666667,331918.5714285714,129416.66666666667,428.525
DE083C,61829.5,5350.5,157573.66666666666,346370.14285714284,,391.6675
DE084C,9569.833333333334,5674.333333333333,106824.33333333333,265450.5714285714,26300.0,442.0475
DE085C,19135.833333333332,4996.25,124669.5,255675.7142857143,52075.0,439.685
DE086C,59643.5,6554.8,117109.33333333333,257225.85714285713,75800.0,386.025
DE087C,5434.0,6779.0,100792.66666666667,238819.7142857143,57350.0,467.3175
DE088C,,6067.0,91397.16666666667,220855.57142857142,87566.66666666667,487.5375
DE089C,12824.666666666666,4814.666666666667,99667.66666666667,229319.42857142858,41240.0,405.89250000000004
DE090C,3617.5,5553.666666666667,82639.0,207274.42857142858,53600.0,476.0575
DE091C,31291.0,5641.666666666667,92878.33333333333,215176.85714285713,59360.0,383.0575
DE092C,3728.5,4253.0,78012.66666666667,191817.42857142858,,499.045
DE093C,236.25,4668.333333333333,67387.5,172618.42857142858,37350.0,457.9575
DE094C,,3515.0,73536.5,162557.42857142858,34466.666666666664,513.63
DE095C,25183.833333333332,3977.6666666666665,80662.16666666667,165936.2857142857,49260.0,436.3875
DE096C,4575.666666666667,5192.666666666667,78007.83333333333,164770.85714285713,49133.333333333336,422.27750000000003
DE097C,849.0,3534.0,72824.66666666667,161838.0,33800.0,480.02750000000003
DE098C,17608.0,3714.0,83827.33333333333,154568.14285714287,28050.0,456.65999999999997
DE099C,961.5,3177.3333333333335,73733.83333333333,144363.0,,479.24
DE100C,35590.5,2440.3333333333335,72619.16666666667,144995.85714285713,44066.666666666664,311.7225
DE101C,21046.166666666668,2951.0,71890.83333333333,141594.7142857143,35650.0,482.0525
DE102C,33758.833333333336,1974.0,67448.0,116750.0,27633.333333333332,414.40250000000003
DE103C,2022.0,3347.3333333333335,52712.166666666664,113423.85714285714,17600.0,537.0575
DE104C,2711.5,1965.0,56962.333333333336,117469.42857142857,40216.666666666664,442.655
DE105C,2839.8,4363.6,48378.333333333336,101672.0,32066.666666666668,395.0375
DE106C,1534.1666666666667,2374.6666666666665,53280.0,107996.28571428571,15600.0,542.44
DE107C,8773.0,2839.3333333333335,62349.166666666664,124369.14285714286,50100.0,458.07
DE108C,,2354.3333333333335,51131.833333333336,117185.0,29066.666666666668,493.9175
DE109C,786.1666666666666,4588.333333333333,63922.333333333336,135517.2857142857,51833.333333333336,366.36249999999995
DE110C,13723.5,1931.3333333333333,65731.0,130388.57142857143,41075.0,426.6325
DE111C,5842.166666666667,3125.6666666666665,59683.833333333336,127115.42857142857,,425.405
DE112C,7225.333333333333,1835.6666666666667,71003.83333333333,134345.0,50520.0,461.76
DE113C,2263.6666666666665,2803.6666666666665,38255.833333333336,98276.42857142857,69033.33333333333,444.3775
DE114C,2094.6666666666665,3051.6666666666665,45087.666666666664,104315.83333333333,29400.0,496.5075
DE115C,5370.166666666667,2211.0,52227.666666666664,112730.85714285714,29633.333333333332,499.5925
DE116C,332.3333333333333,2723.0,66374.16666666667,123846.0,40850.0,440.105
DE117C,5744.666666666667,2497.3333333333335,43881.833333333336,93553.85714285714,9700.0,434.64
DE118C,18491.0,2096.0,47320.0,102720.71428571429,29000.0,502.26
DE119C,684.5,2013.6666666666667,52361.833333333336,103039.28571428571,16325.0,531.0275
DE120C,11803.0,2689.6666666666665,46566.0,93687.28571428571,34340.0,438.805
DE121C,2823.5,1983.0,45275.666666666664,83139.0,20180.0,518.9175
DE122C,3109.1666666666665,1648.3333333333333,42651.5,88283.66666666667,,480.4125
DE123C,28584.166666666668,1708.6666666666667,59017.5,103840.14285714286,28580.0,433.2325
DE124C,23258.5,10111.5,155100.83333333334,305480.0,,431.91999999999996
DE125C,20832.833333333332,2204.3333333333335,50464.666666666664,102110.0,20283.333333333332,357.085
DE126C,,2612.3333333333335,39925.333333333336,85374.57142857143,,467.97249999999997
DE127C,1686.1666666666667,1082.3333333333333,34492.0,67504.14285714286,28900.0,518.375
DE128C,,,,40017.0,,
DE129C,,,,45007.0,,
DE130C,,,,38922.0,,
DE131C,,,,37230.0,,
DE132C,,,,37101.0,,
DE133C,,,,38226.0,,
DE134C,,,,33617.0,,
DE135C,,,,33657.0,,
DE136C,,,,35212.0,,
DE137C,,,,30826.0,,
DE138C,,,,32630.0,,
DE139C,,,,24273.0,,
DE140C,,,,28643.0,,
DE141C,,,,28710.0,,
DE142C,,,,31069.0,,
DE143C,,,,27259.0,,
DE144C,,,,253589.0,,
DE145C,,,,158202.0,,
DE146C,,,,135180.0,,
DE147C,,,,160245.0,,
DE148C,,,,124995.0,,
DE149C,,,,127861.0,,
DE150C,,,,126013.0,,
DE151C,,,,117478.0,,
DNK_Aalborg_DNK,,,,,,
DNK_Anholt_DNK,,,,,,
DNK_Arhus_DNK,,,,,,
DNK_Humble_DNK,,,,,,
DNK_Kobenhavn_DNK,,,,,,
DNK_Odense_DNK,,,,,,
DNK_Roskilde_DNK,,,,,,
DNK_Ulfborg_DNK,,,,,,
EE001C,24206.285714285714,15714.285714285714,226414.2857142857,441613.71428571426,99377.57142857143,325.79200000000003
EE002C,16451.85714285714,2185.714285714286,46300.0,97772.57142857143,11589.714285714286,374.084
EE003C,615.2857142857143,3528.5714285714284,21171.428571428572,54198.28571428572,21750.14285714286,371.524
ES001C,350970.6666666667,294962.8333333333,2233701.0,5044632.0,1078210.5,433.58666666666664
ES002C,294799.5,198795.83333333334,1622131.0,3721546.6666666665,856727.8333333334,349.3066666666667
ES003C,131946.16666666666,100574.5,575876.5,1412677.1666666667,233882.66666666666,441.41333333333336
ES004C,97624.5,77382.83333333333,336272.0,880341.6666666666,71526.66666666667,453.7183333333333
ES005C,32372.166666666668,34433.333333333336,286666.5,676002.3333333334,101032.16666666667,374.9683333333333
ES006C,52386.5,48146.5,224560.66666666666,577948.1666666666,74568.33333333333,442.45166666666665
ES007C,52939.5,33138.5,186567.5,458445.3333333333,64931.5,489.42
ES008C,28720.333333333332,42015.333333333336,147579.33333333334,379666.6666666667,50610.166666666664,423.925
ES009C,25402.666666666668,15775.833333333334,116216.0,297847.6666666667,24899.833333333332,437.7183333333333
ES010C,22542.5,34920.833333333336,191654.0,419043.1666666667,104261.5,534.4583333333334
ES011C,25277.0,4666.666666666667,41255.5,97711.0,10363.5,484.1016666666667
ES012C,11921.166666666666,10582.833333333334,105499.33333333333,252855.66666666666,35837.0,423.7266666666667
ES013C,18706.333333333332,12119.833333333334,85862.33333333333,218284.0,25855.5,437.71000000000004
ES014C,25538.666666666668,16365.5,140330.16666666666,333349.0,57489.5,459.2083333333333
ES015C,20100.0,8756.166666666666,67004.33333333333,172421.16666666666,23474.166666666668,445.67
ES016C,9276.5,4744.166666666667,35863.333333333336,85219.66666666667,10318.166666666666,507.1116666666667
ES017C,11334.666666666666,15132.0,56387.666666666664,150614.66666666666,8158.833333333333,523.6966666666666
ES018C,48464.5,8330.0,62360.833333333336,150961.33333333334,22560.0,410.855
ES019C,45554.666666666664,41304.333333333336,316378.5,791785.6666666666,87308.66666666667,405.06166666666667
ES020C,27525.166666666668,38847.0,111746.16666666667,323908.6666666667,15057.166666666666,449.5083333333334
ES021C,5790.0,28986.833333333332,133444.5,338404.1666666667,72365.0,438.595
ES022C,17416.0,19976.666666666668,114427.66666666667,294469.8333333333,34731.0,481.945
ES023C,11730.833333333334,17152.0,100825.33333333333,270148.3333333333,26947.333333333332,435.7383333333333
ES024C,30734.333333333332,41304.333333333336,145001.16666666666,365813.8333333333,55695.0,518.2533333333333
ES025C,23887.5,14071.166666666666,99104.66666666667,245947.16666666666,32939.5,434.62999999999994
ES026C,4515.833333333333,7807.5,41497.0,105896.33333333333,19977.5,467.7366666666667
ES027C,789.8333333333334,12453.5,41098.833333333336,102723.83333333333,6393.666666666667,479.9166666666667
ES028C,6612.666666666667,4876.0,41852.5,97972.16666666667,10235.0,506.075
ES029C,956.1666666666666,10180.166666666666,33176.333333333336,94702.16666666667,2552.3333333333335,431.1066666666666
ES030C,15249.833333333334,6284.5,44369.166666666664,102353.83333333333,25410.0,434.825
ES031C,11714.0,8279.0,37330.666666666664,95919.66666666667,4703.833333333333,524.2366666666667
ES032C,223.16666666666666,7604.833333333333,31360.833333333332,84453.5,39045.166666666664,573.1083333333333
ES033C,1013.8333333333334,9127.166666666666,31598.5,89027.33333333333,5270.833333333333,465.93
ES034C,1781.0,4916.833333333333,28909.5,77180.33333333333,5190.333333333333,505.4866666666667
ES035C,4591.0,9560.666666666666,29284.0,83485.83333333333,9659.166666666666,445.52833333333336
ES036C,5173.0,4131.833333333333,30581.0,77473.83333333333,5399.0,469.62999999999994
ES037C,3850.8333333333335,4326.0,24012.0,65228.666666666664,4121.0,554.7566666666667
ES038C,8966.166666666666,5149.166666666667,33081.0,82937.5,7825.333333333333,491.3383333333333
ES039C,2495.0,10545.333333333334,29212.833333333332,83968.16666666667,10773.333333333334,475.6466666666667
ES040C,2121.3333333333335,6391.5,30210.5,75664.33333333333,18909.333333333332,460.3616666666667
ES041C,6483.333333333333,5414.333333333333,37260.166666666664,86944.5,15901.666666666666,473.83166666666665
ES042C,4132.166666666667,5617.5,30865.333333333332,77737.16666666667,17419.166666666668,444.02833333333336
ES043C,8911.333333333334,5719.666666666667,29345.666666666668,75033.5,5792.333333333333,436.2416666666666
ES044C,659.6666666666666,5268.833333333333,28518.5,69628.16666666667,23512.833333333332,430.3833333333334
ES045C,2725.1666666666665,9260.5,28899.666666666668,86145.16666666667,19871.333333333332,534.4533333333334
ES046C,2558.3333333333335,4250.0,24744.166666666668,64027.0,6339.0,505.8283333333334
ES047C,3707.6666666666665,4241.0,22870.833333333332,60559.166666666664,3760.3333333333335,475.73499999999996
ES048C,295.6666666666667,7055.666666666667,30090.0,81581.5,33999.666666666664,398.7033333333334
ES049C,287.1666666666667,8089.833333333333,24320.666666666668,69163.16666666667,1847.5,429.10833333333335
ES050C,1997.5,4326.166666666667,28031.0,67578.5,10566.0,423.77833333333336
ES051C,937.5,8643.0,21038.333333333332,63515.333333333336,6978.666666666667,454.6133333333333
ES052C,159.33333333333334,7138.5,26445.666666666668,68884.83333333333,19160.166666666668,485.625
ES053C,1076.6666666666667,2832.0,25984.5,62619.166666666664,9184.0,445.845
ES054C,1105.3333333333333,3841.8333333333335,26541.166666666668,62013.833333333336,13460.0,438.0783333333333
ES055C,1514.6666666666667,6635.333333333333,27324.166666666668,63661.0,19719.5,468.48
ES056C,989.5,8665.833333333334,32760.666666666668,86786.16666666667,6563.333333333333,474.91
ES057C,331.6666666666667,8948.666666666666,31026.333333333332,74057.33333333333,17897.333333333332,446.39000000000004
ES058C,1139.0,3436.6666666666665,21781.833333333332,51364.666666666664,8773.0,450.5366666666667
ES059C,60966.333333333336,46109.5,141925.0,403642.6666666667,39712.333333333336,473.1233333333333
ES060C,14619.833333333334,21835.333333333332,92616.16666666667,234329.5,32588.833333333332,462.615
ES061C,12583.5,17662.666666666668,82496.83333333333,216062.5,29211.833333333332,504.59999999999997
ES062C,7384.5,25156.166666666668,72486.33333333333,213093.0,9515.666666666666,475.32166666666666
ES063C,16266.666666666666,6109.333333333333,78166.0,187734.5,22812.333333333332,393.58166666666665
ES064C,18981.0,13941.166666666666,84843.33333333333,196363.33333333334,37707.0,479.0183333333334
ES065C,19494.666666666668,21750.5,71482.66666666667,199560.16666666666,27004.666666666668,443.1933333333333
ES066C,15509.5,8454.0,71725.16666666667,175046.5,18807.5,446.09999999999997
ES067C,29516.0,9393.666666666666,52807.833333333336,143729.66666666666,14362.5,405.24666666666667
ES068C,13045.0,12906.0,71274.33333333333,173166.0,14488.0,436.84999999999997
ES069C,18543.333333333332,13877.0,67724.83333333333,172873.5,32470.333333333332,488.6166666666666
ES070C,13438.666666666666,16246.5,50158.666666666664,143186.33333333334,9930.333333333334,482.4816666666666
ES071C,11390.833333333334,11604.333333333334,38415.5,114638.66666666667,4072.3333333333335,371.06333333333333
ES072C,11886.333333333334,6927.166666666667,45717.666666666664,122978.0,11446.5,459.83833333333337
ES073C,14170.5,8903.166666666666,55420.5,135325.83333333334,28708.5,443.3866666666667
ES074C,16964.0,11347.166666666666,39397.5,112430.16666666667,4920.166666666667,449.84
ES075C,30459.0,8574.333333333334,59639.166666666664,140180.33333333334,31461.0,412.77500000000003
ES076C,7929.333333333333,6129.0,40149.5,104820.0,14047.333333333334,496.11999999999995
ES077C,4773.666666666667,8988.0,53914.666666666664,128767.16666666667,24427.5,386.375
ES078C,2509.1666666666665,15501.5,50730.0,135831.33333333334,5847.0,501.34
ES079C,3833.8333333333335,13528.5,42877.5,122623.66666666667,13951.166666666666,479.82166666666666
ES080C,596.0,12267.166666666666,59393.5,147886.33333333334,49289.166666666664,525.68
ES081C,740.1666666666666,9649.0,60059.5,133276.5,28422.833333333332,463.70166666666665
ES082C,559.8333333333334,9127.166666666666,27107.5,75726.66666666667,3125.3333333333335,465.8433333333333
ES083C,4044.8333333333335,4739.0,22786.0,59162.666666666664,5182.0,476.5733333333333
ES084C,5618.0,3636.6666666666665,23087.666666666668,57999.5,5979.333333333333,512.775
ES085C,254.16666666666666,6545.666666666667,28379.5,70783.33333333333,22805.333333333332,471.8283333333334
ES086C,320.0,9838.333333333334,31160.833333333332,86006.5,5098.833333333333,455.19166666666666
ES087C,8581.166666666666,4455.666666666667,29224.833333333332,64246.5,16027.5,481.395
ES088C,5199.833333333333,3539.0,22558.5,54202.666666666664,5983.666666666667,486.7583333333334
ES089C,332.6666666666667,3647.5,26104.166666666668,50644.666666666664,15856.5,557.1366666666667
ES090C,1699.6666666666667,7697.0,17394.0,56660.333333333336,2129.8333333333335,469.9883333333333
ES091C,1375.8333333333333,4979.166666666667,41074.333333333336,95715.16666666667,23331.5,471.58500000000004
ES092C,3527.8333333333335,6610.166666666667,21842.666666666668,59424.333333333336,2862.6666666666665,496.90166666666664
ES093C,986.3333333333334,4866.5,26473.0,67429.5,10891.333333333334,499.56666666666666
ES094C,1538.8333333333333,3132.5,19308.333333333332,51398.166666666664,5295.166666666667,483.23
ES095C,633.3333333333334,5154.5,36060.333333333336,77717.33333333333,12172.333333333334,440.19166666666666
ES096C,951.0,7713.833333333333,25446.333333333332,67390.66666666667,11812.0,520.855
ES097C,801.8333333333334,4530.666666666667,25300.5,63294.666666666664,9237.0,490.01
ES098C,26144.166666666668,4472.833333333333,25044.5,58860.333333333336,6381.666666666667,452.9533333333334
FI001C,60636.833333333336,38034.333333333336,308544.3333333333,657007.7142857143,100745.28571428571,270.8828571428572
FI002C,32098.0,14490.833333333334,106432.0,242074.7142857143,19871.85714285714,367.42571428571426
FI003C,31643.833333333332,12267.166666666666,82949.33333333333,194750.42857142858,22407.14285714286,383.55571428571426
FI004C,22082.5,12730.5,87209.66666666667,207746.42857142858,11201.0,421.85
FI005C,23381.5,13561.666666666666,136313.66666666666,294519.0,50970.857142857145,366.3142857142857
FI006C,8004.333333333333,13882.333333333334,110254.0,235952.42857142858,44270.71428571428,377.1857142857143
FI007C,6245.5,8309.0,46187.666666666664,120032.28571428571,9076.0,434.2785714285714
FI008C,13573.833333333334,6393.666666666667,50309.333333333336,120646.14285714286,5428.0,433.4542857142857
FI009C,21809.666666666668,9562.666666666666,59467.333333333336,143631.2857142857,8365.0,422.1928571428571
FR001C,732823.8,631472.4,4526822.4,10290739.0,2602952.0,356.102
FR002C,174125.6,80523.0,530563.0,1281774.2,250104.6,431.71400000000006
FR003C,127299.4,73747.4,368818.4,958811.6,130420.4,450.968
FR004C,58160.4,63092.4,343301.8,970177.6,218192.2,422.67600000000004
FR005C,104128.8,47644.6,324147.4,754280.6,108237.8,523.062
FR006C,113826.8,52971.0,326093.8,753372.2,137839.6,524.202
FR007C,61787.2,32493.2,210123.2,491813.2,58849.4,501.28999999999996
FR008C,39009.0,27628.2,175277.4,465416.6,117586.4,440.446
FR009C,67048.2,32235.8,168469.4,430693.6,99243.2,424.504
FR010C,46434.8,25074.0,123494.6,331436.0,42783.0,477.29799999999994
FR011C,81639.6,31129.6,139073.2,369883.0,79082.2,483.96400000000006
FR012C,62435.8,22492.4,146258.0,366223.0,75119.2,472.428
FR013C,32865.2,17732.8,92753.4,245586.8,34292.4,519.356
FR014C,3275.0,14928.6,87260.6,239140.0,52842.0,522.302
FR015C,14212.2,14512.8,86878.4,239304.6,40280.8,504.13599999999997
FR016C,68651.0,18694.2,110484.8,274149.2,35044.0,490.04200000000003
FR017C,29336.6,16035.2,77288.8,207741.8,26839.0,491.218
FR018C,20404.2,15655.2,97686.4,244347.8,44034.8,524.764
FR019C,49299.0,15969.6,82911.0,223835.6,32936.4,481.36800000000005
FR020C,36681.8,13047.4,78991.6,201101.0,29167.6,501.12
FR021C,41559.8,13646.0,72432.8,190401.6,30857.2,527.886
FR022C,12388.2,16682.2,65283.4,191860.4,20117.0,455.774
FR023C,26559.2,16305.6,69552.6,207806.4,38689.8,468.79800000000006
FR024C,45347.8,15698.6,76810.0,208099.8,23266.6,512.382
FR025C,10734.8,17591.2,70745.6,204943.0,44696.8,503.0
FR026C,5842.0,17913.6,64543.4,202420.0,10627.0,467.13199999999995
FR027C,23164.6,12475.0,65035.4,167641.0,31117.6,484.828
FR028C,13376.6,12103.8,46761.8,148847.6,30616.2,476.36800000000005
FR029C,13302.4,12137.6,53864.2,152365.8,18249.6,490.066
FR030C,15528.4,19836.6,48919.0,153652.0,15743.4,409.116
FR031C,35557.0,13193.8,67318.4,181547.6,18539.6,515.386
FR032C,19767.6,10227.8,49807.6,141521.6,19819.4,558.914
FR033C,38986.0,8219.8,58980.0,146152.6,26040.0,533.2479999999999
FR034C,27093.6,10084.2,53869.0,139919.2,13200.4,527.11
FR035C,30350.6,12623.0,52026.2,148012.8,17893.8,445.372
FR036C,5662.4,12402.0,47565.6,140913.4,11939.6,488.366
FR037C,9650.6,12002.2,40618.8,141430.6,30720.6,493.896
FR038C,7649.2,6234.6,57739.8,130734.6,19466.6,567.2520000000001
FR039C,24118.2,8502.2,43454.8,118440.0,18818.6,493.02799999999996
FR040C,6447.0,7126.6,49339.0,127369.4,14593.4,618.708
FR041C,377.4,6683.2,38926.2,115276.2,18340.0,590.8639999999999
FR042C,12017.2,7925.8,40685.6,110821.8,18746.4,576.824
FR043C,10784.2,11406.6,46082.4,138282.0,30617.6,525.618
FR044C,9311.2,10236.0,37669.4,112910.0,18202.2,481.476
FR045C,15693.6,11572.4,42601.8,127098.2,10681.6,467.342
FR046C,8272.0,12590.8,49265.0,135382.0,7413.4,461.89
FR047C,28415.2,7599.8,35320.4,99616.6,13553.0,520.336
FR048C,7128.6,6466.2,35302.2,95317.2,15918.0,535.972
FR049C,756.0,4955.6,30023.8,91939.6,16005.8,599.4359999999999
FR050C,7466.4,6284.6,46723.8,116531.0,16018.0,551.798
FR051C,1287.8,7090.0,31159.4,88771.4,24541.8,401.776
FR052C,3673.8,7674.8,27833.6,85722.4,5902.6,464.296
FR053C,4157.0,6996.8,38683.8,98902.8,25672.6,430.91
FR054C,15038.6,6732.4,33129.2,94522.6,9782.2,539.492
FR055C,6817.4,5832.8,29118.2,80618.8,7968.6,538.008
FR056C,1890.4,4689.4,31192.6,78263.6,4299.8,573.522
FR057C,2305.2,6525.4,21893.0,79149.2,16559.6,466.87
FR058C,2001.4,5143.0,29497.6,75764.2,10983.2,520.4159999999999
FR059C,1387.6,7033.4,24138.4,77443.6,22932.2,378.178
FR060C,4811.4,6884.8,24676.8,74149.4,2666.0,437.108
FR061C,3742.0,7310.0,21355.2,69589.4,4447.6,438.87
FR062C,582.6,,,,,
FR063C,2652.0,5783.8,22629.0,72214.4,14467.2,521.4440000000001
FR064C,9412.0,5275.6,24991.2,66804.2,4718.4,489.72799999999995
FR065C,3271.0,5155.6,26783.4,68153.8,11965.8,512.4739999999999
FR066C,476.4,4336.2,23208.0,64934.0,11239.4,575.4159999999999
FR067C,1169.6,4544.8,27251.6,66113.8,14628.8,405.882
FR068C,3946.4,4394.6,23168.6,64302.2,8036.8,553.332
FR069C,4321.2,4475.0,26037.2,71873.8,6385.8,574.5519999999999
FR070C,4905.4,4122.4,25150.6,63618.8,4484.8,602.6600000000001
FR071C,4014.4,5082.4,21607.2,61094.0,10745.4,503.322
FR072C,4463.6,8701.8,18908.4,64505.0,23144.2,272.45
FR073C,133.8,4438.6,25243.8,67351.0,12327.4,557.636
FR074C,240.8,8066.8,14084.2,53773.2,1251.6,350.136
FR075C,7539.8,3287.2,19042.8,54109.8,5062.2,578.7360000000001
FR076C,654.6,5603.8,26705.0,62823.8,21194.0,502.1
FR077C,245.8,2896.2,15002.4,37592.6,13778.6,559.1139999999999
GRC_Agrinio_GRC,,,,,,
GRC_Akrini_GRC,,,,,,
GRC_Aliartos_GRC,,,,,,
GRC_Amfissa_GRC,,,,,,
GRC_Anatoliko_GRC,,,,,,
GRC_Athina_GRC,,,,,,
GRC_Chalkida_GRC,,,,,,
GRC_Chania_GRC,,,,,,
GRC_Elefsina_GRC,,,,,,
GRC_Ioannina_GRC,,,,,,
GRC_Irakleio_GRC,,,,,,
GRC_Karpenisi_GRC,,,,,,
GRC_Kavala_GRC,,,,,,
GRC_Koropi_GRC,,,,,,
GRC_Kozani_GRC,,,,,,
GRC_Lamia_GRC,,,,,,
GRC_Larisa_GRC,,,,,,
GRC_Livadeia_GRC,,,,,,
GRC_Neochoropoulo_GRC,,,,,,
GRC_Neochorouda_GRC,,,,,,
GRC_Panorama_GRC,,,,,,
GRC_Patra_GRC,,,,,,
GRC_Ptolemaida_GRC,,,,,,
GRC_Sindos_GRC,,,,,,
GRC_Thessaloniki_GRC,,,,,,
GRC_Volos_GRC,,,,,,
HR001C,78131.8,22217.2,352591.6,797730.8,142501.5,357.534
HR002C,15250.6,3424.8,48855.4,113994.6,18465.5,443.392
HR003C,2485.2,2107.2,17502.2,52436.8,15418.25,371.988
HR004C,13874.2,4348.6,39620.8,101832.2,15247.0,339.48999999999995
HR005C,18844.4,7735.2,65238.6,166829.4,17906.75,408.69
HR006C,3615.4,1396.2,22489.2,55175.4,11831.0,478.244
HR007C,5181.8,2324.2,26848.0,73797.4,8356.75,399.348
HU001C,149667.2857142857,18816.285714285714,857137.0,1725654.5,193453.2857142857,402.0833333333333
HU002C,8949.0,4434.571428571428,67854.0,151082.5,5210.571428571428,359.67333333333335
HU003C,5004.571428571428,2013.857142857143,55103.0,116420.0,6952.714285714285,411.75
HU004C,18736.0,2725.5714285714284,63837.0,141432.0,10863.0,390.3333333333333
HU005C,24948.0,4967.0,92420.0,201173.16666666666,16479.285714285714,382.8183333333333
HU006C,20638.0,1908.4285714285713,75305.0,159570.16666666666,17620.571428571428,366.97166666666664
HU007C,11752.57142857143,1070.2857142857142,64644.0,131824.0,8082.571428571428,417.66
HU008C,3767.0,2168.285714285714,52662.0,109982.83333333333,5697.0,451.325
HU009C,1489.4285714285713,1213.857142857143,46781.0,96200.66666666667,4623.571428571428,460.37833333333333
HU010C,2289.1428571428573,1242.7142857142858,37881.0,78287.0,2962.5714285714284,442.45666666666665
HU011C,701.1666666666666,1900.8333333333333,31049.0,69830.83333333333,2225.0,374.5
HU012C,442.57142857142856,1032.4285714285713,33232.0,65490.5,3690.714285714286,419.5833333333333
HU013C,4359.5,700.0,27527.0,58447.666666666664,2785.1666666666665,418.4583333333333
HU014C,263.6666666666667,1591.8333333333333,25901.0,57899.833333333336,2442.5,409.62000000000006
HU015C,2797.8333333333335,1309.8333333333333,26433.0,60282.833333333336,1801.3333333333333,415.77666666666664
HU016C,5477.5,1262.3333333333333,23039.0,51574.333333333336,1819.3333333333333,397.91499999999996
HU017C,1802.8333333333333,1168.1666666666667,20000.0,42830.0,2163.1666666666665,383.2366666666667
HU018C,851.1666666666666,1074.1666666666667,25624.0,56307.5,2428.1666666666665,449.72499999999997
HU019C,2595.0,466.7142857142857,29630.0,62498.333333333336,4022.285714285714,435.5116666666666
IT001C,206599.75,152787.6,1094216.4,2789660.714285714,392660.5,639.1871428571429
IT002C,209981.0,137160.4,1546286.6,3663051.4285714286,575029.0,566.6671428571428
IT003C,118795.0,211601.8,819700.4,2892297.4285714286,127480.5,609.6414285714285
IT004C,106798.5,43840.0,340638.4,858110.8571428572,150628.5,648.5699999999999
IT005C,43458.0,53606.2,181925.0,643542.4285714285,29595.5,613.76
IT006C,31158.0,21738.0,220953.8,566608.4285714285,78879.5,473.53000000000003
IT007C,58144.0,14708.8,151454.8,367593.28571428574,66259.5,541.64
IT008C,51472.0,17636.4,107497.4,317322.85714285716,17574.5,577.1028571428571
IT009C,67894.25,15154.6,171454.2,390964.4285714286,68364.0,532.0157142857142
IT010C,41985.5,28381.6,83473.6,321260.28571428574,18430.0,770.1014285714285
IT011C,26326.25,9134.6,99929.6,255599.57142857142,43576.0,432.2471428571429
IT012C,23790.0,9489.2,106332.8,257187.0,42717.5,649.2128571428572
IT013C,1646.5,2605.8,29509.0,71476.28571428571,11953.5,630.5785714285714
IT014C,16629.75,4101.6,50995.2,118823.0,19071.0,3959.615714285714
IT015C,15765.25,8330.4,79419.0,200828.7142857143,33367.0,543.0957142857143
IT016C,24478.75,8405.2,65715.8,163840.0,24775.5,755.5699999999999
IT017C,14436.0,4172.2,39149.8,99330.0,17320.5,626.9328571428572
IT018C,9307.5,7056.0,42428.2,130518.0,15736.0,622.6700000000001
IT019C,6703.75,2606.6,17251.8,48018.142857142855,3765.0,739.8228571428572
IT020C,8614.5,4122.4,24782.2,91096.42857142857,9044.0,629.0671428571429
IT021C,3868.75,11720.6,56592.4,191088.7142857143,6713.0,581.9085714285715
IT022C,5436.75,4006.4,24226.0,65592.57142857143,2666.0,774.9628571428572
IT023C,11454.25,5828.8,27839.0,86564.28571428571,3675.0,699.59
IT024C,11767.5,12814.2,53749.0,174142.2857142857,13717.5,666.7557142857142
IT025C,13536.75,9714.4,43942.2,123599.85714285714,6145.0,678.88
IT026C,26372.25,10498.6,53956.8,159927.85714285713,11917.0,674.1814285714287
IT027C,54247.25,9341.0,84342.0,208786.7142857143,38540.0,610.2628571428571
IT028C,21313.75,7463.2,80620.8,196846.2857142857,43297.5,620.1157142857144
IT029C,17745.5,7034.0,80072.6,186302.85714285713,32723.0,664.7042857142858
IT030C,11585.5,9936.6,46177.4,148233.7142857143,9964.5,608.4914285714286
IT031C,2219.0,7348.0,43503.2,129918.85714285714,7140.0,603.7771428571428
IT032C,4503.0,3824.6,43285.0,103136.57142857143,22748.0,630.1785714285714
IT033C,3070.75,2884.2,45832.8,107084.28571428571,21439.5,2002.1499999999999
IT034C,13990.75,4410.2,40252.4,98913.0,18854.5,672.5985714285714
IT035C,1301.5,4104.0,36419.6,92627.14285714286,15586.5,526.1957142857143
IT036C,18849.5,5211.6,32918.2,94493.71428571429,9395.0,713.3085714285714
IT037C,271.0,5549.4,28891.8,93109.14285714286,2875.5,558.4342857142857
IT038C,643.25,3809.4,39145.0,95376.85714285714,11197.5,659.7914285714286
IT039C,3514.5,4331.6,32060.2,84247.14285714286,15240.5,629.6371428571429
IT040C,47209.75,4050.0,36321.4,89628.14285714286,14380.0,621.5585714285714
IT041C,2698.0,3457.2,33763.8,85022.0,15497.0,614.5814285714285
IT042C,8992.5,3587.2,30419.0,79694.14285714286,13051.5,663.9257142857143
IT043C,1213.75,3515.0,29384.8,74533.28571428571,10961.5,683.7299999999999
IT044C,24873.0,2776.4,29624.0,71471.57142857143,11882.5,589.1685714285715
IT045C,1.75,3583.4,24866.0,67395.66666666667,5861.0,647.58
IT046C,744.5,4423.6,20976.8,70197.0,6590.5,720.2971428571428
IT047C,1640.25,2525.2,22487.6,59222.142857142855,8583.5,574.3342857142858
IT048C,2162.25,3277.6,22542.6,60058.857142857145,4133.5,653.38
IT049C,6.0,3975.2,15347.8,57585.71428571428,2739.0,806.7242857142857
IT050C,1282.75,2915.8,18783.0,53021.28571428572,3532.0,643.9271428571428
IT051C,1061.0,2080.8,21138.2,51632.28571428572,10905.5,718.1442857142857
IT052C,1778.0,1532.4,19247.8,47559.71428571428,6331.0,607.7757142857143
IT053C,0.0,3461.4,24402.0,70059.71428571429,3813.0,551.2528571428571
IT054C,0.0,3496.0,17280.6,53396.0,1316.5,559.2528571428571
IT055C,0.0,2891.6,18864.4,58043.28571428572,2461.0,535.48
IT056C,0.0,3070.8,16916.0,50080.42857142857,4885.5,647.76
IT057C,0.0,2992.8,18168.4,54227.42857142857,2068.0,605.0342857142857
IT058C,0.0,2781.8,30371.8,71901.85714285714,12433.5,634.74
IT059C,1.25,4220.6,16973.0,56837.142857142855,2670.0,645.3571428571429
IT060C,0.0,5902.4,19224.2,72370.85714285714,2282.5,602.8914285714285
IT061C,0.0,4383.4,13211.2,53504.71428571428,1642.0,614.0857142857143
IT062C,0.0,3259.4,20285.2,63180.28571428572,11631.0,695.4414285714286
IT063C,0.0,1552.2,16936.2,40642.0,7003.5,723.7085714285714
IT064C,24262.25,20164.4,66619.0,224559.7142857143,13304.5,650.0742857142858
IT065C,481.5,8302.2,85316.0,195899.85714285713,45790.5,610.6585714285715
IT066C,28396.25,7230.0,87461.4,197331.57142857142,38090.0,621.1714285714286
IT067C,1155.0,6761.6,60355.6,155710.7142857143,15646.5,566.2314285714285
IT068C,10280.0,6296.4,74999.2,170868.85714285713,32764.0,733.6457142857143
IT069C,2979.25,5841.8,64748.6,157276.85714285713,23017.5,714.6457142857143
IT070C,22655.5,5357.0,54415.0,131252.0,17261.0,655.1014285714285
IT071C,5180.0,7602.2,58146.4,149550.7142857143,24916.0,625.1171428571428
IT072C,713.5,10265.2,35968.4,118194.42857142857,8335.0,709.9514285714286
IT073C,17863.0,4137.2,49653.4,139177.42857142858,30522.0,617.5728571428572
IT074C,6228.0,4133.2,49335.2,117465.14285714286,17861.0,656.7042857142858
IT075C,3566.5,7451.4,47951.4,127351.14285714286,14033.5,705.2228571428572
IT076C,5134.5,4450.0,45591.6,110471.42857142857,20964.5,642.1428571428571
IT077C,1454.75,5746.4,40151.8,108588.85714285714,15351.5,679.6728571428572
IT078C,8437.0,4789.2,41816.8,102617.71428571429,18175.5,623.5457142857142
IT079C,3902.75,4796.6,35911.8,92162.57142857143,17090.5,650.7557142857142
IT080C,1422.5,4122.0,40068.6,97588.0,14052.5,696.3742857142857
IT081C,26.25,3605.4,32160.4,81725.28571428571,9945.0,673.5428571428572
IT082C,908.5,5536.4,25818.0,84170.14285714286,3911.0,635.1
IT083C,948.5,4336.6,17863.6,61824.142857142855,3310.0,676.5828571428572
IT084C,1075.0,4880.2,25608.0,72717.14285714286,8217.0,735.1457142857142
IT085C,0.0,6209.8,30726.6,98049.57142857143,2323.0,599.0385714285715
IT086C,0.0,3803.6,17192.8,55277.142857142855,2337.0,612.5685714285713
IT087C,17760.0,3096.4,27708.4,69616.85714285714,8136.5,784.9585714285714
IT088C,,,,62515.0,11089.0,636.17
IT089C,,,,121711.0,17194.0,652.1
IT090C,,,,55061.0,7562.0,627.16
LT001C,54240.857142857145,13234.714285714286,311040.28571428574,567171.0,68808.0,396.68285714285713
LT002C,34976.71428571428,9862.285714285714,148895.7142857143,295456.0,18315.0,451.7342857142857
LT003C,1331.2857142857142,3220.6666666666665,37768.0,87483.14285714286,4363.0,470.3385714285714
LT004C,712.0,,23049.0,51379.857142857145,2498.3333333333335,498.6842857142857
LT005C,7402.428571428572,5570.285714285715,70464.85714285714,152312.14285714287,21431.666666666668,403.3885714285714
LT006C,2913.4285714285716,4153.5,49966.0,103006.28571428571,10969.0,427.07714285714286
LV001C,64290.28571428572,21800.0,287085.71428571426,615933.8571428572,109307.0,389.03285714285715
LV002C,1684.2857142857142,2550.0,29042.85714285714,68044.57142857143,11089.857142857143,360.74571428571426
LV003C,3841.0,2050.0,24580.0,55384.4,7207.0,363.02
LV004C,2692.0,4028.5714285714284,32728.571428571428,80576.28571428571,16005.714285714286,350.35857142857145
MT001C,16797.666666666668,5694.285714285715,139338.57142857142,249490.6,,549.67
NL001C,68090.0,15972.6,534062.6666666666,1019274.6,349994.2,266.172
NL002C,5906.8,2102.8,95323.0,204043.0,23211.0,457.01399999999995
NL003C,2387.6,958.2,33487.333333333336,73238.4,10402.6,454.762
NL004C,8099.4,3213.0,108574.0,215033.0,51274.8,551.108
NL005C,3887.2,1157.8,53443.333333333336,112515.6,13096.6,460.764
NL006C,6272.2,1968.2,83085.0,158074.6,20904.2,486.54400000000004
NL007C,4898.2,1956.2,77691.0,164769.2,16463.4,467.026
NL008C,9210.0,2638.0,86083.33333333333,177536.4,31561.4,400.48400000000004
NL009C,2296.8,801.4,30833.0,68758.2,6230.6,461.83599999999996
NL010C,1974.6,842.2,31132.0,67715.8,9420.6,471.988
NL011C,11019.6,2610.0,88728.0,184641.6,25209.4,515.3280000000001
NL012C,3972.2,992.4,49603.0,101227.8,12352.6,428.93
NL013C,12681.8,1995.2,75368.33333333333,158475.0,18756.6,428.834
NL014C,18611.6,4121.6,143621.66666666666,282465.0,64918.0,422.45799999999997
NL015C,13485.0,2287.8,74888.0,160046.6,27872.2,413.47799999999995
NL016C,2834.4,864.2,36473.0,73940.0,10810.0,374.95799999999997
NL017C,50474.6,12212.2,369747.0,786024.6,247134.4,336.18600000000004
NL018C,37461.0,4740.8,118565.33333333333,234108.6,39067.0,342.81
NL019C,9934.0,3294.2,134332.33333333334,282680.4,42498.2,412.038
NL020C,6132.6,1904.6,73982.66666666667,157932.4,25772.2,528.692
NL021C,3054.2,1119.2,44278.333333333336,94695.6,11961.2,461.492
NL022C,4671.2,2740.4,79612.0,197608.8,26521.8,520.51
NL023C,2792.8,1435.2,42303.666666666664,92989.6,15161.6,465.10599999999994
NL024C,3427.8,871.8,38223.333333333336,81331.8,10030.2,488.09
NL025C,6213.6,1844.6,77024.33333333333,156019.4,17980.6,464.592
NL026C,3162.4,998.2,43156.666666666664,91476.4,16593.6,410.366
NL027C,2231.0,763.0,34341.0,73879.6,10085.0,430.64
NL028C,8982.4,2285.2,60298.333333333336,124849.8,13171.0,423.06000000000006
NL029C,21439.4,4020.6,137080.33333333334,269239.6,40666.2,363.87399999999997
NL030C,2249.2,1061.8,33642.333333333336,80109.8,14871.2,434.11199999999997
NL031C,14164.8,1558.8,49433.666666666664,121450.4,29036.2,366.38800000000003
NL032C,3237.4,802.0,41296.333333333336,93661.8,12459.0,452.60599999999994
NL033C,20071.6,3104.4,93288.33333333333,178665.8,26735.0,375.73999999999995
NL034C,3212.2,1579.6,47383.666666666664,111517.4,14128.6,464.334
NL035C,2851.4,803.2,44026.0,92727.2,10573.6,498.32000000000005
NL036C,2650.8,987.6,39632.0,85856.2,12344.2,441.35200000000003
NL037C,58568.0,20153.6,580343.6666666666,1246722.6,291316.8,376.832
NL038C,2341.0,724.4,35780.666666666664,77268.0,11492.8,487.51000000000005
NL039C,3603.4,1266.4,51748.0,117040.8,11200.6,542.0
NL040C,2305.0,740.4,33090.666666666664,71713.8,7667.0,490.044
NL041C,16692.0,3240.8,109115.0,222232.2,38680.2,445.238
NL042C,36545.4,6093.8,245511.0,457766.4,87546.2,340.488
NL043C,2309.8,678.8,30371.0,67038.0,6604.6,439.218
NL044C,3087.0,1017.4,47087.333333333336,102171.4,16913.6,469.65599999999995
NL045C,4942.6,1477.8,75208.66666666667,157272.8,28331.4,411.34
NL046C,4343.8,1363.6,59560.333333333336,125652.2,21200.0,441.038
NL047C,6648.6,1766.6,65972.0,129851.2,12491.8,401.42199999999997
NO001C,65161.0,,363308.0,699827.0,193150.0,
NO002C,10207.0,,68824.0,144699.0,30817.0,
NO003C,26979.0,,140174.0,286930.0,48479.0,
NO004C,22488.0,,104428.0,210496.0,32241.0,
PL001C,185553.0,21321.0,,1823365.0,,769.3275
PL002C,46702.0,19355.0,,675772.25,,613.075
PL003C,96408.0,12913.75,,788324.5,,662.015
PL004C,83058.0,7786.5,,657855.25,,710.725
PL005C,74714.0,5159.0,,541025.25,,754.835
PL006C,47080.0,7195.75,,477587.75,,640.62
PL007C,24790.0,5523.5,,399035.75,,585.025
PL008C,20131.0,5169.75,,342865.5,,635.5975
PL009C,42099.0,9710.5,,336858.0,,592.59
PL010C,34196.0,3377.0,,289102.0,,774.155
PL011C,16748.0,8077.0,,295775.25,,484.53749999999997
PL012C,14593.0,5739.5,,190882.75,,592.5625
PL013C,19233.0,4115.5,,199858.5,,568.6575
PL014C,14679.0,2611.0,,171074.5,,567.0075
PL015C,27783.0,6616.25,,194630.0,,598.23
PL016C,13460.0,2557.5,,127621.75,,741.1225
PL017C,2381.0,1610.5,,121516.75,,641.81
PL018C,6571.0,2289.75,,140333.5,,614.53
PL019C,1292.0,1272.5,,78162.25,,650.3875
PL020C,3428.0,1513.0,,82526.0,,559.065
PL021C,1217.0,1555.5,,69424.25,,511.4825
PL022C,2438.0,2199.0,,71726.0,,644.4975
PL023C,326.0,809.75,,62150.0,,590.7975
PL024C,10777.0,3975.75,,216860.0,,605.61
PL025C,5770.0,10444.25,,206640.75,,555.82
PL026C,7749.0,4051.25,,117014.75,,700.745
PL027C,2642.0,1410.75,,98116.0,,743.3824999999999
PL028C,4253.0,2664.5,,106353.0,,558.0275
PL029C,2480.0,1754.75,,89216.75,,565.03
PL030C,36.0,1623.0,,86811.5,,577.8625
PL031C,4686.0,1629.0,,77133.25,,577.96
PL032C,1113.0,1842.75,,71076.0,,606.0625
PL033C,346.0,975.25,,71078.5,,
PL034C,1166.0,1304.75,,72416.5,,
PL035C,40.0,3145.0,,71112.25,,
PL036C,2644.0,2329.25,,66596.75,,
PL037C,872.0,1028.0,,66833.75,,
PL038C,375.0,1451.0,,67595.25,,
PL039C,327.0,997.25,,71286.25,,
PL040C,824.0,2980.5,,59533.25,,848.24
PL041C,1861.0,2592.5,,61807.0,,538.3775
PL042C,1853.0,2511.25,,60779.5,,635.5699999999999
PL043C,0.0,1785.75,,63860.25,,
PL044C,656.0,1552.25,,65693.75,,
PL045C,526.0,1354.25,,59087.25,,
PL046C,720.0,2117.0,,60753.25,,
PL047C,2770.0,1863.0,,61859.5,,494.1125
PL048C,2166.0,1069.5,,62727.5,,613.12
PL049C,201.0,1045.0,,55829.5,,
PL050C,0.0,1191.75,,55630.0,,
PL051C,234.0,1359.75,,59065.75,,
PL052C,516.0,2005.5,,61189.0,,
PL053C,9460.0,2921.0,,245768.0,,630.3675
PL054C,4237.0,4381.5,,197031.0,,582.9625
PL055C,15846.0,3115.0,,176404.5,,707.1375
PL056C,0.0,3032.0,,165398.0,,544.7925
PL057C,0.0,4145.75,,159394.0,,517.9350000000001
PL058C,5358.0,2260.0,,169895.25,,692.3975
PL059C,97.0,1244.25,,135573.75,,531.625
PL060C,440.0,1938.25,,135941.75,,613.4425
PL061C,0.0,1515.75,,126195.75,,655.4549999999999
PL062C,3191.0,2176.5,,108055.0,,355.9775
PL063C,2580.0,2874.0,,117358.75,,536.2325000000001
PL064C,2021.0,4447.5,,107350.0,,554.265
PL065C,4008.0,2628.0,,107285.5,,535.9025
PL066C,5974.0,1612.5,,105979.5,,477.6175
PL067C,2544.0,2273.75,,97056.25,,570.9875
PL068C,629.0,3448.0,,92744.25,,478.7475
PT001C,145846.0,78397.0,778821.0,1891428.142857143,325001.0,
PT002C,73802.33333333333,50546.0,397252.0,980274.4285714285,73768.0,
PT003C,21201.666666666668,7453.0,88282.0,193961.85714285713,22443.0,
PT004C,3580.1666666666665,5920.0,41713.0,106401.85714285714,10290.0,
PT005C,36525.166666666664,4237.0,60853.0,142508.7142857143,12937.0,
PT006C,6377.0,5154.0,49486.0,123140.28571428571,15786.0,
PT007C,2395.5,2575.0,29933.0,67899.57142857143,2126.0,
PT008C,13651.166666666666,2336.0,37284.0,82211.28571428571,10651.0,
PT009C,8506.0,2896.0,28918.0,67925.14285714286,11147.0,
PT010C,5649.166666666667,3219.0,41284.0,99955.0,9755.0,
PT011C,3276.8333333333335,2425.0,35932.0,86061.0,7393.0,
PT012C,2049.5,3693.0,37584.0,84871.71428571429,3063.0,
PT013C,0.0,2556.0,27382.0,64944.0,5619.0,
PT014C,231.66666666666666,17736.0,171685.0,386332.4285714286,72615.0,
PT015C,19.75,5824.0,71420.0,156693.85714285713,7622.0,
PT016C,0.0,5466.0,62469.0,137855.7142857143,17867.0,
RO001C,172528.0,,,2131034.0,,
RO002C,69200.0,,,324960.0,,
RO003C,40957.0,,,328186.0,,
RO004C,22451.0,,,301269.0,,
RO005C,778.0,,,202740.0,,
RO006C,16239.0,,,221407.0,,
RO007C,5709.0,,,197155.0,,
RO008C,8996.0,,,176846.0,,
RO009C,15895.0,,,168697.0,,
RO010C,11917.0,,,147674.0,,
RO011C,217.0,,,112786.0,,
RO012C,310.0,,,75810.0,,
RO013C,0.0,,,67121.0,,
RO014C,5479.0,,,74659.0,,
RO015C,276.0,,,92205.0,,
RO016C,2904.0,,,95351.0,,
RO017C,0.0,,,86520.0,,
RO018C,4877.0,,,91884.0,,
RO019C,603.0,,,82931.0,,
RO020C,0.0,,,70680.0,,
RO021C,143.0,,,69229.0,,
RO022C,1048.0,,,94139.0,,
RO023C,21884.0,,,313021.0,,
RO024C,52971.0,,,378954.0,,
RO025C,15278.0,,,304050.0,,
RO026C,21256.0,,,289360.0,,
RO027C,5861.0,,,227445.0,,
RO028C,8397.0,,,173985.0,,
RO029C,4832.0,,,145444.0,,
RO030C,506.0,,,132288.0,,
RO031C,973.0,,,119788.0,,
RO032C,0.0,,,120153.0,,
RO033C,900.0,,,117776.0,,
RO034C,8387.0,,,124589.0,,
RO035C,1769.0,,,106707.0,,
SE001C,,43092.666666666664,821726.3333333334,1580485.142857143,410035.71428571426,269.79
SE002C,,19359.333333333332,325219.6666666667,692371.8571428572,183355.0,218.24
SE003C,,18994.666666666668,157177.33333333334,348045.4285714286,120631.57142857143,276.23
SE004C,,3599.0,64934.0,137481.0,23284.0,402.14
SE005C,,2409.6666666666665,62816.666666666664,129664.71428571429,16440.85714285714,349.82
SE006C,,5680.0,110251.33333333333,233535.57142857142,51407.57142857143,313.71
SE007C,,4046.0,75732.33333333333,163832.14285714287,29287.428571428572,355.24
SE008C,,4783.666666666667,72043.33333333333,155732.7142857143,29461.14285714286,360.5
SE009C,,4344.5,47517.5,99808.42857142857,41599.28571428572,
SE010C,,5616.333333333333,71344.33333333333,155280.0,36051.71428571428,398.3
SE011C,,6111.0,64758.0,143427.85714285713,29329.14285714286,380.76
SE012C,,6469.0,65267.666666666664,148304.0,39737.857142857145,357.03
SE013C,,2908.6666666666665,54246.333333333336,125879.0,28332.428571428572,298.83
SE014C,,3290.0,52456.0,113318.42857142857,26670.14285714286,396.26
SE015C,,2639.5,44546.0,94760.14285714286,18340.428571428572,
SI001C,44876.0,11426.285714285714,125264.42857142857,294213.5714285714,64018.57142857143,517.2028571428572
SI002C,15630.142857142857,5765.714285714285,44504.57142857143,112735.28571428571,21887.14285714286,494.8057142857143
SK001C,52452.666666666664,,,450246.8,26983.25,400.66999999999996
SK002C,19881.333333333332,,,234588.6,10860.5,304.315
SK003C,7869.666666666667,,,77246.0,3056.75,327.3566666666666
SK004C,12885.666666666666,,,77267.0,3992.25,377.56
SK005C,9744.0,,,87000.6,3392.0,279.68333333333334
SK006C,7705.333333333333,,,81422.2,3702.5,332.5233333333333
SK007C,12132.333333333334,,,64523.8,2840.5,378.90333333333336
SK008C,2595.6666666666665,,,55090.2,2788.0,342.9433333333333
SVK_Banska_Bystrica_SVK,,,,,,
SVK_Bardejov_SVK,,,,,,
SVK_Bratislava_SVK,,,,,,
SVK_Dudince_SVK,,,,,,
SVK_Dunajska_Luzna_SVK,,,,,,
SVK_Galanta_SVK,,,,,,
SVK_Gelnica_SVK,,,,,,
SVK_Handlova_SVK,,,,,,
SVK_Humenne_SVK,,,,,,
SVK_Jelsava_SVK,,,,,,
SVK_Kolarovo_SVK,,,,,,
SVK_Komarno_SVK,,,,,,
SVK_Kosice_SVK,,,,,,
SVK_Krompachy_SVK,,,,,,
SVK_Liptovsky_Mikulas_SVK,,,,,,
SVK_Lucenec_SVK,,,,,,
SVK_Malacky_SVK,,,,,,
SVK_Martin_SVK,,,,,,
SVK_Moldava_Nad_Bodvou_SVK,,,,,,
SVK_Myto_Pod_Dumbierom_SVK,,,,,,
SVK_Nitra_SVK,,,,,,
SVK_Novaky_SVK,,,,,,
SVK_Oscadnica_SVK,,,,,,
SVK_Pezinok_SVK,,,,,,
SVK_Poprad_SVK,,,,,,
SVK_Presov_SVK,,,,,,
SVK_Prievidza_SVK,,,,,,
SVK_Puchov_SVK,,,,,,
SVK_Ruzomberok_SVK,,,,,,
SVK_Senec_SVK,,,,,,
SVK_Senica_SVK,,,,,,
SVK_Snina_SVK,,,,,,
SVK_Strazske_SVK,,,,,,
SVK_Tatranska_Lomnica_SVK,,,,,,
SVK_Tisovec_SVK,,,,,,
SVK_Trebisov_SVK,,,,,,
SVK_Trencin_SVK,,,,,,
SVK_Trnava_SVK,,,,,,
SVK_Vranov_Nad_Toplou_SVK,,,,,,
SVK_Zarnovica_SVK,,,,,,
SVK_Ziar_Nad_Hronom_SVK,,,,,,
SVK_Zilina_SVK,,,,,,
SVK_Zvolen_SVK,,,,,,
TJK_Dushanbe_TJK,,,,,,
UK001C,,241600.0,4370200.0,8866541.0,,282.79
UK002C,81810.0,40700.0,463200.0,1139249.0,290244.0,330.57
UK003C,62965.0,13400.0,375700.0,787020.0,98556.0,376.69
UK004C,71985.0,18600.0,272700.0,623715.0,95799.0,291.15
UK005C,10115.0,9500.0,206900.0,535987.0,73821.0,356.83
UK006C,58450.0,9900.0,217900.0,493182.0,55999.0,276.33
UK007C,58650.0,14100.0,264000.0,515855.0,108018.0,326.51
UK008C,74165.0,13800.0,259200.0,546564.0,156586.0,258.06
UK009C,42370.0,9700.0,174700.0,363502.0,48202.0,370.02
UK010C,60405.0,15300.0,267200.0,580148.0,76558.0,351.1
UK011C,24850.0,9800.0,239100.0,461329.0,73417.0,377.65
UK012C,27010.0,,,341049.0,,329.06
UK013C,53115.0,6800.0,133000.0,298019.0,39086.0,294.91
UK014C,43105.0,8800.0,151700.0,354379.0,137100.0,322.51
UK015C,26900.0,9300.0,112600.0,228180.0,44233.0,394.73
UK016C,20510.0,3300.0,62600.0,125339.0,41727.0,313.88
UK017C,24045.0,4000.0,62700.0,129672.0,22938.0,364.72
UK018C,17225.0,2100.0,39500.0,98739.0,15263.0,368.89
UK019C,,3300.0,51600.0,106253.0,16173.0,459.98
UK020C,,,44900.0,87747.0,6305.0,461.09
UK021C,5745.0,2600.0,64700.0,135849.0,11052.0,483.05
UK022C,24395.0,5600.0,102500.0,214926.0,31584.0,343.34
UK023C,10800.0,1300.0,51800.0,102103.0,9928.0,472.62
UK024C,59830.0,9300.0,167800.0,363467.0,80950.0,359.94
UK025C,15585.0,8600.0,117600.0,260659.0,34702.0,340.84
UK026C,14345.0,8600.0,105800.0,255606.0,28369.0,401.29
UK027C,19630.0,9000.0,104000.0,260967.0,49861.0,392.38
UK028C,63990.0,9300.0,136400.0,330139.0,77886.0,271.13
UK029C,,3800.0,138300.0,323016.0,20308.0,436.94
UK030C,25545.0,2800.0,90800.0,190392.0,21820.0,448.11
UK031C,,3400.0,78800.0,171460.0,35099.0,465.92
UK032C,16945.0,3400.0,68800.0,147833.0,23569.0,506.33
UK033C,,2800.0,57200.0,141578.0,7419.0,431.77
UK034C,,,60200.0,128781.0,17728.0,492.79
UK035C,,3500.0,50200.0,118058.0,14701.0,498.63
UK036C,,2600.0,59100.0,128404.0,9877.0,519.66
UK037C,,,57000.0,118063.0,17658.0,492.43
UK038C,,2300.0,45900.0,106457.0,8673.0,435.05
UK039C,,,51600.0,109829.0,14869.0,471.82
UK040C,,1600.0,46700.0,108709.0,4724.0,457.01
UK041C,,2800.0,45600.0,104604.0,5356.0,454.26
UK042C,,2700.0,38900.0,88116.0,8261.0,395.01
UK043C,,2400.0,34700.0,99394.0,7342.0,451.13
UK044C,,,51700.0,101148.0,16238.0,533.63
UK045C,,4500.0,35500.0,93131.0,3608.0,404.62
UK046C,,2200.0,45000.0,99618.0,2241.0,489.92
UK047C,,,41600.0,103206.0,18712.0,421.75
UK048C,,,40000.0,92834.0,13289.0,401.02
UK049C,,2300.0,35900.0,80613.0,3932.0,414.05
UK050C,,2100.0,39200.0,85097.0,3540.0,499.71
UK051C,,2300.0,35500.0,76603.0,2833.0,477.84
UK052C,,1700.0,39200.0,86393.0,14113.0,467.38
UK053C,,2600.0,55400.0,128014.0,5284.0,445.75
UK054C,18245.0,10700.0,187800.0,437936.0,48114.0,412.92
UK055C,,6700.0,157300.0,340070.0,13029.0,413.75
UK056C,,10000.0,148100.0,342914.0,26033.0,446.32
UK057C,,7500.0,130900.0,320023.0,24175.0,468.01
UK058C,,6100.0,145500.0,325369.0,11334.0,441.3
UK059C,,9100.0,131800.0,309741.0,25566.0,443.89
UK060C,,3900.0,136400.0,291410.0,23804.0,474.6
UK061C,,3700.0,118200.0,274993.0,15596.0,420.7
UK062C,,9300.0,135700.0,326419.0,66726.0,373.16
UK063C,14070.0,9600.0,115000.0,277333.0,12009.0,384.53
UK064C,6545.0,6700.0,119000.0,285093.0,33391.0,403.46
UK065C,,7000.0,116900.0,282336.0,33854.0,410.55
UK066C,,5600.0,132900.0,277736.0,28823.0,461.1
UK067C,,6800.0,111600.0,264023.0,16091.0,447.82
UK068C,39355.0,12400.0,143000.0,289275.0,52765.0,309.97
UK069C,24820.0,6300.0,122100.0,263085.0,23454.0,410.63
UK070C,20545.0,7000.0,100000.0,245973.0,26809.0,466.6
UK071C,18490.0,5200.0,113900.0,257104.0,40709.0,401.95
UK072C,,6800.0,107500.0,244270.0,15426.0,441.98
UK073C,35200.0,8500.0,122000.0,252578.0,55335.0,368.41
UK074C,,5300.0,92600.0,234691.0,29556.0,365.71
UK075C,20290.0,7700.0,122000.0,252870.0,41423.0,343.18
UK076C,,5900.0,100400.0,224658.0,22694.0,414.43
UK077C,,4800.0,107800.0,235932.0,26999.0,451.32
UK078C,117935.0,6700.0,121000.0,268064.0,52033.0,471.4
UK079C,,5400.0,91800.0,219230.0,29917.0,387.77
UK080C,,4500.0,93500.0,214421.0,17469.0,508.43
UK081C,11970.0,7500.0,107500.0,225401.0,46010.0,469.75
UK082C,,4300.0,90200.0,205229.0,12263.0,411.05
UK083C,,4500.0,93000.0,202464.0,15577.0,363.69
UK084C,,3900.0,94400.0,209626.0,16769.0,498.48
UK085C,12800.0,5200.0,94800.0,214384.0,71413.0,374.9
UK086C,25075.0,2600.0,101200.0,209028.0,18032.0,390.19
UK087C,,3700.0,79800.0,189868.0,19661.0,432.41
UK088C,,4800.0,105600.0,221180.0,38371.0,468.93
UK089C,,6300.0,82400.0,196850.0,12640.0,444.65
UK090C,,3300.0,77800.0,179690.0,7052.0,448.67
UK091C,,1700.0,80200.0,185171.0,17206.0,468.71
UK092C,,3100.0,90900.0,194554.0,39575.0,431.73
UK093C,,2000.0,85400.0,182136.0,20348.0,428.74
UK094C,5310.0,3300.0,76500.0,176784.0,17611.0,468.96
UK095C,,5000.0,67400.0,159824.0,9053.0,419.9
UK096C,24310.0,5200.0,84900.0,176637.0,19245.0,520.38
UK097C,,5700.0,89700.0,199978.0,47813.0,445.23
UK098C,14760.0,2500.0,93000.0,191311.0,21676.0,464.28
UK099C,,5100.0,61500.0,149910.0,4345.0,377.77
UK100C,,,95700.0,175533.0,17105.0,542.36
UK101C,,2700.0,82900.0,170768.0,30688.0,503.05
UK102C,19155.0,4600.0,61100.0,148730.0,11634.0,353.95
UK103C,,2100.0,72900.0,160235.0,7893.0,476.01
UK104C,,3900.0,82300.0,163139.0,44520.0,389.23
UK105C,,4800.0,55500.0,139588.0,6167.0,383.45
UK106C,,2100.0,77400.0,168843.0,18839.0,519.49
UK107C,,2700.0,74100.0,153798.0,15387.0,517.86
UK108C,,3500.0,59200.0,148857.0,23277.0,368.96
UK109C,,3100.0,65200.0,152394.0,13398.0,456.45
UK110C,18375.0,5400.0,53700.0,140592.0,14675.0,366.64
UK111C,42085.0,,81300.0,154455.0,48360.0,300.12
UK112C,,3000.0,53800.0,135514.0,9259.0,472.68
UK113C,23000.0,3300.0,66000.0,141582.0,22684.0,383.76
UK114C,,2900.0,66800.0,147234.0,27761.0,515.41
UK115C,,2200.0,73400.0,141383.0,21311.0,508.67
UK116C,10870.0,,61100.0,129227.0,6168.0,456.07
UK117C,20175.0,3200.0,68000.0,140745.0,20777.0,350.29
UK118C,,3200.0,69900.0,148940.0,61313.0,415.43
UK119C,15410.0,6100.0,150500.0,339244.0,18832.0,523.94
UK120C,5375.0,1900.0,67000.0,138006.0,20117.0,425.66
UK121C,8490.0,1100.0,58900.0,117109.0,20397.0,472.4
UK122C,,1100.0,61000.0,129184.0,17233.0,469.26
UK123C,,1200.0,62800.0,121027.0,18484.0,539.22
UK124C,7580.0,,49100.0,108331.0,5386.0,456.54
UK125C,,5500.0,52900.0,112056.0,26301.0,449.41
UK126C,,,49400.0,96721.0,26663.0,430.33
UK127C,,,36400.0,85396.0,7871.0,443.23
UK128C,,2200.0,63500.0,131159.0,11589.0,537.23
UK129C,,1800.0,51500.0,95480.0,14055.0,502.44
UK130C,,2000.0,51400.0,106772.0,14811.0,527.51
UK131C,,1600.0,33100.0,70184.0,14609.0,464.14
UK132C,,2600.0,44000.0,100759.0,16672.0,514.03
UK133C,,1800.0,34600.0,78455.0,2197.0,421.5
UK134C,16435.0,4800.0,79800.0,177310.0,9580.0,434.7
UK135C,,,,150588.0,,434.88
