eurostat_geo_code,eurostat_geo_name,who_geo_code,who_geo_name
BE001C,Bruxelles/Brussel (greater city),,
BE002C,Antwerpen (greater city),,
BE003C,Gent,,
BE004C,Charleroi (greater city),,
BE005C,Liège (greater city),,
BE006C,Brugge,,
BE007C,Namur,,
BE008C,Leuven,,
BE009C,Mons (greater city),,
BE010C,Kortrijk (greater city),,
BE011C,Oostende (greater city),,
BE012C,Mechelen,,
BE013C,Mouscron,,
BE014C,La Louvière (greater city),,
BE015C,Verviers (greater city),,
BG001C,Sofia,,
BG002C,Plovdiv,,
BG003C,Varna,,
BG004C,Burgas,,
BG005C,Pleven,,
BG006C,Ruse,,
BG007C,Vidin,,
BG008C,Stara Zagora,,
BG009C,Sliven,,
BG010C,Dobrich,,
BG011C,Shumen,,
BG012C,Pernik,,
BG013C,Yambol,,
BG014C,Haskovo,,
BG015C,Pazardzhik,,
BG016C,Blagoevgrad,,
BG017C,Veliko Tarnovo,,
BG018C,Vratsa,,
CH001C,Bern (greater city),,
CH002C,Zurich (greater city),,
CH003C,Geneva (greater city),,
CH004C,Basel (greater city),,
CH005C,Lausanne (greater city),,
CH006C,Lucerne (greater city),,
CH007C,Winterthur,,
CH008C,Lugano (greater city),,
CH009C,St. Gallen (greater city),,
CY001C,Lefkosia (greater city),,
CZ001C,Praha,,
CZ002C,Brno,,
CZ003C,Ostrava,,
CZ004C,Plzeň,,
CZ005C,Ústí nad Labem,,
CZ006C,Olomouc,,
CZ007C,Liberec (greater city),,
CZ008C,České Budějovice,,
CZ009C,Hradec Králové,,
CZ010C,Pardubice,,
CZ011C,Zlín,,
CZ012C,Kladno,,
CZ013C,Karlovy Vary,,
CZ014C,Jihlava,,
CZ015C,Havířov,,
CZ016C,Most,,
CZ017C,Karviná,,
CZ018C,Chomutov-Jirkov (greater city),,
DE001C,Berlin,,
DE002C,Hamburg,,
DE003C,München,,
DE004C,Köln,,
DE005C,Frankfurt am Main,,
DE006C,Essen,,
DE007C,Stuttgart,,
DE008C,Leipzig,,
DE009C,Dresden,,
DE010C,Dortmund,,
DE011C,Düsseldorf,,
DE012C,Bremen,,
DE013C,Hannover,,
DE014C,Nürnberg,,
DE015C,Bochum,,
DE016C,Bielefeld,,
DE017C,Halle an der Saale,,
DE018C,Magdeburg,,
DE019C,Wiesbaden,,
DE020C,Göttingen,,
DE021C,Mülheim a.d.Ruhr,,
DE022C,Moers,,
DE023C,Darmstadt,,
DE024C,Trier,,
DE025C,Freiburg im Breisgau,,
DE026C,Regensburg,,
DE027C,Frankfurt (Oder),,
DE028C,Weimar,,
DE029C,Schwerin,,
DE030C,Erfurt,,
DE031C,Augsburg,,
DE032C,Bonn,,
DE033C,Karlsruhe,,
DE034C,Mönchengladbach,,
DE035C,Mainz,,
DE036C,Kiel,,
DE037C,Saarbrücken,,
DE038C,Potsdam,,
DE039C,Koblenz,,
DE040C,Rostock,,
DE041C,Kaiserslautern,,
DE042C,Iserlohn,,
DE043C,Esslingen am Neckar (greater city),,
DE044C,Hanau,,
DE045C,Wilhelmshaven,,
DE046C,Ludwigsburg (greater city),,
DE047C,Tübingen,,
DE048C,Villingen-Schwenningen,,
DE049C,Flensburg,,
DE050C,Marburg,,
DE051C,Konstanz,,
DE052C,Neumünster,,
DE053C,Brandenburg an der Havel,,
DE054C,Gießen,,
DE055C,Lüneburg,,
DE056C,Bayreuth,,
DE057C,Celle,,
DE058C,Aschaffenburg,,
DE059C,Bamberg,,
DE060C,Plauen,,
DE061C,Neubrandenburg,,
DE062C,Fulda,,
DE063C,Kempten (Allgäu),,
DE064C,Landshut,,
DE065C,Sindelfingen,,
DE066C,Rosenheim,,
DE067C,Frankenthal (Pfalz),,
DE068C,Stralsund,,
DE069C,Friedrichshafen,,
DE070C,Offenburg,,
DE071C,Görlitz,,
DE072C,Sankt Augustin,,
DE073C,Neu-Ulm,,
DE074C,Schweinfurt,,
DE075C,Greifswald,,
DE076C,Wetzlar,,
DE077C,Speyer,,
DE078C,Passau,,
DE079C,Dessau-Roßlau,,
DE080C,Duisburg,,
DE081C,Mannheim,,
DE082C,Gelsenkirchen,,
DE083C,Münster,,
DE084C,Chemnitz,,
DE085C,Braunschweig,,
DE086C,Aachen,,
DE087C,Krefeld,,
DE088C,Oberhausen,,
DE089C,Lübeck,,
DE090C,Hagen,,
DE091C,Kassel,,
DE092C,Hamm,,
DE093C,Herne,,
DE094C,Solingen,,
DE095C,Osnabrück,,
DE096C,Ludwigshafen am Rhein,,
DE097C,Leverkusen,,
DE098C,Oldenburg (Oldenburg),,
DE099C,Neuss,,
DE100C,Heidelberg,,
DE101C,Paderborn,,
DE102C,Würzburg,,
DE103C,Recklinghausen,,
DE104C,Wolfsburg,,
DE105C,Bremerhaven,,
DE106C,Bottrop,,
DE107C,Heilbronn,,
DE108C,Remscheid,,
DE109C,Offenbach am Main,,
DE110C,Ulm,,
DE111C,Pforzheim,,
DE112C,Ingolstadt,,
DE113C,Gera,,
DE114C,Salzgitter,,
DE115C,Reutlingen,,
DE116C,Fürth,,
DE117C,Cottbus,,
DE118C,Siegen,,
DE119C,Bergisch Gladbach,,
DE120C,Hildesheim,,
DE121C,Witten,,
DE122C,Zwickau,,
DE123C,Erlangen,,
DE124C,Wuppertal,,
DE125C,Jena,,
DE126C,Düren,,
DE127C,Bocholt,,
DE128C,Elmshorn,,
DE129C,Norderstedt,,
DE130C,Delmenhorst,,
DE131C,Hilden,,
DE132C,Langenfeld (Rheinland),,
DE133C,Ratingen,,
DE134C,Dinslaken,,
DE135C,Herzogenrath,,
DE136C,Troisdorf (greater city),,
DE137C,Castrop-Rauxel,,
DE138C,Gladbeck,,
DE139C,Herten,,
DE140C,Marl,,
DE141C,Gütersloh,,
DE142C,Hattingen,,
DE143C,Lüdenscheid,,
DE144C,Lünen,,
DE145C,Unna,,
DE146C,Rüsselsheim am Main (greater city),,
DE147C,Oberursel (greater city),,
DE148C,Böblingen,,
DE149C,Göppingen (greater city),,
DE150C,Waiblingen (greater city),,
DE151C,Lörrach (greater city),,
DNK_Aalborg_DNK,"Aalborg/DNK, Denmark",DNK_Aalborg_DNK,"Aalborg/DNK, Denmark"
DNK_Aarhus_DNK,"Aarhus/DNK, Denmark",,
DNK_Anholt_DNK,"Anholt/DNK, Denmark",DNK_Anholt_DNK,"Anholt/DNK, Denmark"
DNK_Arhus_DNK,"Arhus/DNK, Denmark",DNK_Arhus_DNK,"Arhus/DNK, Denmark"
DNK_Bagenkop_DNK,"Bagenkop/DNK, Denmark",,
DNK_Copenhagen_DNK,"Copenhagen/DNK, Denmark",,
DNK_Humble_DNK,"Humble/DNK, Denmark",DNK_Humble_DNK,"Humble/DNK, Denmark"
DNK_Keldsnor_DNK,"Keldsnor/DNK, Denmark",,
DNK_Kobenhavn_DNK,"Kobenhavn/DNK, Denmark",DNK_Kobenhavn_DNK,"Kobenhavn/DNK, Denmark"
DNK_Odense_DNK,"Odense/DNK, Denmark",DNK_Odense_DNK,"Odense/DNK, Denmark"
DNK_Roskilde_DNK,"Roskilde/DNK, Denmark",DNK_Roskilde_DNK,"Roskilde/DNK, Denmark"
DNK_Ulfborg_DNK,"Ulfborg/DNK, Denmark",DNK_Ulfborg_DNK,"Ulfborg/DNK, Denmark"
EE001C,Tallinn,,
EE002C,Tartu,,
EE003C,Narva,,
ES001C,Madrid (greater city),,
ES002C,Barcelona (greater city),,
ES003C,Valencia (greater city),,
ES004C,Sevilla,,
ES005C,Zaragoza,,
ES006C,Málaga,,
ES007C,Murcia,,
ES008C,Las Palmas,,
ES009C,Valladolid (greater city),,
ES010C,Palma de Mallorca,,
ES011C,Santiago de Compostela,,
ES012C,Vitoria/Gasteiz,,
ES013C,Oviedo,,
ES014C,Pamplona/Iruña (greater city),,
ES015C,Santander,,
ES016C,Toledo,,
ES017C,Badajoz,,
ES018C,Logroño,,
ES019C,Bilbao (greater city),,
ES020C,Córdoba,,
ES021C,Alicante/Alacant (greater city),,
ES022C,Vigo,,
ES023C,Gijón,,
ES024C,Santa Cruz de Tenerife (greater city),,
ES025C,A Coruña (greater city),,
ES026C,Reus,,
ES027C,Telde,,
ES028C,Lugo,,
ES029C,San Fernando,,
ES030C,Girona (greater city),,
ES031C,Cáceres,,
ES032C,Torrevieja,,
ES033C,"Puerto de Santa María, El",,
ES034C,Avilés (greater city),,
ES035C,Talavera de la Reina,,
ES036C,Palencia,,
ES037C,Ferrol (greater city),,
ES038C,Pontevedra,,
ES039C,Ceuta,,
ES040C,Gandia (greater city),,
ES041C,Guadalajara,,
ES042C,Manresa (greater city),,
ES043C,Ciudad Real,,
ES044C,Benidorm,,
ES045C,Melilla,,
ES046C,Ponferrada,,
ES047C,Zamora,,
ES048C,Fuengirola,,
ES049C,Sanlúcar de Barrameda,,
ES050C,Vilanova i la Geltrú,,
ES051C,"Línea de la Concepción, La",,
ES052C,Torremolinos (greater city),,
ES053C,Irun (greater city),,
ES054C,Granollers (greater city),,
ES055C,Arrecife,,
ES056C,Elda (greater city),,
ES057C,Santa Lucía de Tirajana,,
ES058C,Mollet del Vallès (greater city),,
ES059C,Granada (greater city),,
ES060C,Elche/Elx,,
ES061C,Cartagena,,
ES062C,Jerez de la Frontera,,
ES063C,San Sebastián/Donostia (greater city),,
ES064C,Alcalá de Henares,,
ES065C,Almería (greater city),,
ES066C,Burgos,,
ES067C,Salamanca (greater city),,
ES068C,Albacete,,
ES069C,Castellón de la Plana/Castelló de la Plana,,
ES070C,Huelva,,
ES071C,Cádiz,,
ES072C,León (greater city),,
ES073C,Tarragona (greater city),,
ES074C,Jaén,,
ES075C,Lleida,,
ES076C,Ourense (greater city),,
ES077C,Mataró,,
ES078C,Dos Hermanas,,
ES079C,Algeciras,,
ES080C,Marbella,,
ES081C,Torrejón de Ardoz,,
ES082C,Alcalá de Guadaíra,,
ES083C,Alcoy,,
ES084C,Ávila,,
ES085C,Benalmádena,,
ES086C,Chiclana de la Frontera,,
ES087C,Collado Villalba,,
ES088C,Cuenca,,
ES089C,Eivissa,,
ES090C,Linares,,
ES091C,Lorca,,
ES092C,Mérida,,
ES093C,Sagunto (greater city),,
ES094C,Torrelavega,,
ES095C,Valdemoro,,
ES096C,Puerto de la Cruz (greater city),,
ES097C,Igualada (greater city),,
ES098C,San Vicente del Raspeig/Sant Vicent del Raspeig,,
FI001C,Helsinki/Helsingfors,,
FI002C,Tampere/Tammerfors,,
FI003C,Turku/Åbo,,
FI004C,Oulu/Uleåborg,,
FI005C,Espoo/Esbo,,
FI006C,Vantaa/Vanda,,
FI007C,Lahti/Lahtis,,
FI008C,Kuopio,,
FI009C,Jyväskylä,,
FR001C,Paris (greater city),,
FR002C,Lyon (greater city),,
FR003C,Lille (greater city),,
FR004C,Marseille (greater city),,
FR005C,Bordeaux (greater city),,
FR006C,Toulouse (greater city),,
FR007C,Nantes (greater city),,
FR008C,Nice (greater city),,
FR009C,Strasbourg (greater city),,
FR010C,Rouen (greater city),,
FR011C,Montpellier (greater city),,
FR012C,Grenoble (greater city),,
FR013C,Tours (greater city),,
FR014C,Cannes-Antibes (greater city),,
FR015C,Toulon (greater city),,
FR016C,Rennes (greater city),,
FR017C,Reims (greater city),,
FR018C,Orléans (greater city),,
FR019C,Nancy (greater city),,
FR020C,Dijon (greater city),,
FR021C,Clermont-Ferrand (greater city),,
FR022C,Le Havre (greater city),,
FR023C,Saint-Étienne (greater city),,
FR024C,Angers (greater city),,
FR025C,Mulhouse (greater city),,
FR026C,Lens (greater city),,
FR027C,Metz (greater city),,
FR028C,Nîmes,,
FR029C,Le Mans (greater city),,
FR030C,Saint-Denis,,
FR031C,Caen (greater city),,
FR032C,Limoges (greater city),,
FR033C,Aix-en-Provence,,
FR034C,Brest,,
FR035C,Amiens (greater city),,
FR036C,Dunkerque (greater city),,
FR037C,Perpignan (greater city),,
FR038C,Annecy (greater city),,
FR039C,Besançon,,
FR040C,Bayonne (greater city),,
FR041C,La Seyne-sur-Mer (greater city),,
FR042C,Pau (greater city),,
FR043C,Avignon (greater city),,
FR044C,Troyes (greater city),,
FR045C,Valenciennes (greater city),,
FR046C,Fort-de-France (greater city),,
FR047C,Poitiers (greater city),,
FR048C,Valence (greater city),,
FR049C,Fréjus (greater city),,
FR050C,Chambéry (greater city),,
FR051C,Mantes-la-Jolie (greater city),,
FR052C,Douai (greater city),,
FR053C,Melun (greater city),,
FR054C,La Rochelle (greater city),,
FR055C,Lorient (greater city),,
FR056C,Cherbourg-en-Cotentin,,
FR057C,Béziers,,
FR058C,Chartres (greater city),,
FR059C,Creil (greater city),,
FR060C,Boulogne-sur-Mer (greater city),,
FR061C,Calais (greater city),,
FR062C,Mamoudzou,,
FR063C,Montbéliard (greater city),,
FR064C,Arras (greater city),,
FR065C,Colmar (greater city),,
FR066C,Martigues (greater city),,
FR067C,Meaux (greater city),,
FR068C,Bourges,,
FR069C,Saint-Brieuc (greater city),,
FR070C,Quimper,,
FR071C,Belfort (greater city),,
FR072C,Cayenne,,
FR073C,Hayange,,
FR074C,Saint-Louis,,
FR075C,Vannes,,
FR076C,Annemasse-Geneva (French part) (greater city),,
FR077C,"Saint-Louis-Bâle, (French part) (greater city)",,
GRC_Agia_Paraskevi_GRC,"Agia Paraskevi/GRC, Greece",,
GRC_Agrinio_GRC,"Agrinio/GRC, Greece",GRC_Agrinio_GRC,"Agrinio/GRC, Greece"
GRC_Akrini_GRC,"Akrini/GRC, Greece",GRC_Akrini_GRC,"Akrini/GRC, Greece"
GRC_Aliartos_GRC,"Aliartos/GRC, Greece",GRC_Aliartos_GRC,"Aliartos/GRC, Greece"
GRC_Amaroussio_GRC,"Amaroussio/GRC, Greece",,
GRC_Amfissa_GRC,"Amfissa/GRC, Greece",GRC_Amfissa_GRC,"Amfissa/GRC, Greece"
GRC_Anatoliko_GRC,"Anatoliko/GRC, Greece",GRC_Anatoliko_GRC,"Anatoliko/GRC, Greece"
GRC_Ano_Liosia_GRC,"Ano Liosia/GRC, Greece",,
GRC_Athens_GRC,"Athens/GRC, Greece",,
GRC_Athina_GRC,"Athina/GRC, Greece",GRC_Athina_GRC,"Athina/GRC, Greece"
GRC_Chalkida_GRC,"Chalkida/GRC, Greece",GRC_Chalkida_GRC,"Chalkida/GRC, Greece"
GRC_Chania_GRC,"Chania/GRC, Greece",GRC_Chania_GRC,"Chania/GRC, Greece"
GRC_Echedoro_GRC,"Echedoro/GRC, Greece",,
GRC_Elefsina_GRC,"Elefsina/GRC, Greece",GRC_Elefsina_GRC,"Elefsina/GRC, Greece"
GRC_Ioannina_GRC,"Ioannina/GRC, Greece",GRC_Ioannina_GRC,"Ioannina/GRC, Greece"
GRC_Irakleio_GRC,"Irakleio/GRC, Greece",GRC_Irakleio_GRC,"Irakleio/GRC, Greece"
GRC_Karpenisi_GRC,"Karpenisi/GRC, Greece",GRC_Karpenisi_GRC,"Karpenisi/GRC, Greece"
GRC_Kavala_GRC,"Kavala/GRC, Greece",GRC_Kavala_GRC,"Kavala/GRC, Greece"
GRC_Koropi_GRC,"Koropi/GRC, Greece",GRC_Koropi_GRC,"Koropi/GRC, Greece"
GRC_Kozani_GRC,"Kozani/GRC, Greece",GRC_Kozani_GRC,"Kozani/GRC, Greece"
GRC_Lamia_GRC,"Lamia/GRC, Greece",GRC_Lamia_GRC,"Lamia/GRC, Greece"
GRC_Larisa_GRC,"Larisa/GRC, Greece",GRC_Larisa_GRC,"Larisa/GRC, Greece"
GRC_Likovrisi_GRC,"Likovrisi/GRC, Greece",,
GRC_Livadeia_GRC,"Livadeia/GRC, Greece",GRC_Livadeia_GRC,"Livadeia/GRC, Greece"
GRC_Marousi_GRC,"Marousi/GRC, Greece",,
GRC_Nea_Smirni_GRC,"Nea Smirni/GRC, Greece",,
GRC_Neochoropoulo_GRC,"Neochoropoulo/GRC, Greece",GRC_Neochoropoulo_GRC,"Neochoropoulo/GRC, Greece"
GRC_Neochorouda_GRC,"Neochorouda/GRC, Greece",GRC_Neochorouda_GRC,"Neochorouda/GRC, Greece"
GRC_Oinofyta_GRC,"Oinofyta/GRC, Greece",,
GRC_Panorama_GRC,"Panorama/GRC, Greece",GRC_Panorama_GRC,"Panorama/GRC, Greece"
GRC_Patra_GRC,"Patra/GRC, Greece",GRC_Patra_GRC,"Patra/GRC, Greece"
GRC_Peristeri_GRC,"Peristeri/GRC, Greece",,
GRC_Pireas_GRC,"Pireas/GRC, Greece",,
GRC_Ptolemaida_GRC,"Ptolemaida/GRC, Greece",GRC_Ptolemaida_GRC,"Ptolemaida/GRC, Greece"
GRC_Sindos_GRC,"Sindos/GRC, Greece",GRC_Sindos_GRC,"Sindos/GRC, Greece"
GRC_Thessaloniki_GRC,"Thessaloniki/GRC, Greece",GRC_Thessaloniki_GRC,"Thessaloniki/GRC, Greece"
GRC_Thrakomakedones_GRC,"Thrakomakedones/GRC, Greece",,
GRC_Volos_GRC,"Volos/GRC, Greece",GRC_Volos_GRC,"Volos/GRC, Greece"
GRC_Vorios_Tomeas_Athinon_GRC,"Vorios Tomeas Athinon/GRC, Greece",,
HR001C,Zagreb,,
HR002C,Rijeka,,
HR003C,Slavonski Brod,,
HR004C,Osijek,,
HR005C,Split (greater city),,
HR006C,Pula/Pola,,
HR007C,Zadar,,
HU001C,Budapest (greater city),,
HU002C,Miskolc,,
HU003C,Nyíregyháza,,
HU004C,Pécs,,
HU005C,Debrecen,,
HU006C,Szeged,,
HU007C,Gyõr,,
HU008C,Kecskemét,,
HU009C,Székesfehérvár,,
HU010C,Szombathely,,
HU011C,Szolnok,,
HU012C,Tatabánya,,
HU013C,Veszprém,,
HU014C,Békéscsaba,,
HU015C,Kaposvár,,
HU016C,Eger,,
HU017C,Dunaújváros,,
HU018C,Zalaegerszeg,,
HU019C,Sopron,,
IE001C,Dublin (greater city),,
IT001C,Roma,,
IT002C,Milano (greater city),,
IT003C,Napoli (greater city),,
IT004C,Torino,,
IT005C,Palermo,,
IT006C,Genova,,
IT007C,Firenze,,
IT008C,Bari,,
IT009C,Bologna,,
IT010C,Catania (greater city),,
IT011C,Venezia,,
IT012C,Verona,,
IT013C,Cremona,,
IT014C,Trento,,
IT015C,Trieste,,
IT016C,Perugia,,
IT017C,Ancona,,
IT018C,Pescara (greater city),,
IT019C,Campobasso,,
IT020C,Caserta  (greater city),,
IT021C,Taranto,,
IT022C,Potenza,,
IT023C,Catanzaro,,
IT024C,Reggio di Calabria,,
IT025C,Sassari,,
IT026C,Cagliari (greater city),,
IT027C,Padova,,
IT028C,Brescia,,
IT029C,Modena,,
IT030C,Foggia,,
IT031C,Salerno,,
IT032C,Piacenza,,
IT033C,Bolzano,,
IT034C,Udine,,
IT035C,La Spezia,,
IT036C,Lecce,,
IT037C,Barletta,,
IT038C,Pesaro,,
IT039C,Como,,
IT040C,Pisa,,
IT041C,Treviso,,
IT042C,Varese,,
IT043C,Asti,,
IT044C,Pavia,,
IT045C,Massa,,
IT046C,Cosenza (greater city),,
IT047C,Savona,,
IT048C,Matera,,
IT049C,Acireale (greater city),,
IT050C,Avellino,,
IT051C,Pordenone,,
IT052C,Lecco,,
IT053C,Altamura,,
IT054C,Bitonto,,
IT055C,Molfetta,,
IT056C,Battipaglia,,
IT057C,Bisceglie,,
IT058C,Carpi,,
IT059C,Cerignola,,
IT060C,Gela,,
IT061C,Bagheria,,
IT062C,Anzio (greater city),,
IT063C,Sassuolo,,
IT064C,Messina,,
IT065C,Prato,,
IT066C,Parma,,
IT067C,Livorno,,
IT068C,Reggio nell'Emilia,,
IT069C,Ravenna,,
IT070C,Ferrara,,
IT071C,Rimini,,
IT072C,Siracusa,,
IT073C,Bergamo (greater city),,
IT074C,Forlì,,
IT075C,Latina,,
IT076C,Vicenza,,
IT077C,Terni,,
IT078C,Novara,,
IT079C,Alessandria,,
IT080C,Arezzo,,
IT081C,Grosseto,,
IT082C,Brindisi,,
IT083C,Trapani,,
IT084C,Ragusa,,
IT085C,Andria,,
IT086C,Trani,,
IT087C,L'Aquila,,
IT088C,Vigevano,,
IT089C,Guidonia Montecelio (greater city),,
IT090C,Tivoli,,
LT001C,Vilnius,,
LT002C,Kaunas,,
LT003C,Panevėžys,,
LT004C,Alytus,,
LT005C,Klaipėda,,
LT006C,Šiauliai,,
LU001C,Luxembourg (greater city),,
LV001C,Rīga,,
LV002C,Liepāja,,
LV003C,Jelgava,,
LV004C,Daugavpils,,
MT001C,Greater Valletta,,
NL001C,Amsterdam (greater city),,
NL002C,Alkmaar (greater city),,
NL003C,Almelo,,
NL004C,Almere,,
NL005C,Alphen aan den Rijn,,
NL006C,Amersfoort,,
NL007C,Apeldoorn,,
NL008C,Arnhem,,
NL009C,Assen,,
NL010C,Bergen op Zoom,,
NL011C,Breda,,
NL012C,Deventer,,
NL013C,Ede,,
NL014C,Eindhoven (greater city),,
NL015C,Enschede,,
NL016C,Gouda,,
NL017C,'s-Gravenhage (greater city),,
NL018C,Groningen,,
NL019C,Haarlem (greater city),,
NL020C,Haarlemmermeer,,
NL021C,Heemskerk (greater city),,
NL022C,Heerlen (greater city),,
NL023C,Helmond,,
NL024C,Hengelo,,
NL025C,'s-Hertogenbosch,,
NL026C,Hilversum,,
NL027C,Hoorn,,
NL028C,Leeuwarden,,
NL029C,Leiden (greater city),,
NL030C,Lelystad,,
NL031C,Maastricht,,
NL032C,Middelburg       ,,
NL033C,Nijmegen,,
NL034C,Nissewaard (greater city),,
NL035C,Oss,,
NL036C,Purmerend,,
NL037C,Rotterdam (greater city),,
NL038C,Roosendaal,,
NL039C,Sittard-Geleen (greater city),,
NL040C,Soest (greater city),,
NL041C,Tilburg (greater city),,
NL042C,Utrecht (greater city),,
NL043C,Veenendaal,,
NL044C,Venlo,,
NL045C,Zaanstad (greater city),,
NL046C,Zoetermeer,,
NL047C,Zwolle,,
NO001C,Oslo (greater city),,
NO002C,Bergen,,
NO003C,Trondheim,,
NO004C,Stavanger (greater city),,
PL001C,Warszawa,,
PL002C,Łódź,,
PL003C,Kraków,,
PL004C,Wrocław,,
PL005C,Poznań,,
PL006C,Gdańsk,,
PL007C,Szczecin,,
PL008C,Bydgoszcz,,
PL009C,Lublin,,
PL010C,Katowice,,
PL011C,Białystok,,
PL012C,Kielce,,
PL013C,Toruń,,
PL014C,Olsztyn,,
PL015C,Rzeszów,,
PL016C,Opole,,
PL017C,Gorzów Wielkopolski,,
PL018C,Zielona Góra,,
PL019C,Jelenia Góra,,
PL020C,Nowy Sącz,,
PL021C,Suwałki,,
PL022C,Konin,,
PL023C,Zory,,
PL024C,Częstochowa,,
PL025C,Radom,,
PL026C,Płock,,
PL027C,Kalisz,,
PL028C,Koszalin,,
PL029C,Słupsk,,
PL030C,Jastrzębie-Zdrój,,
PL031C,Siedlce,,
PL032C,Piotrków Trybunalski,,
PL033C,Lubin,,
PL034C,Piła,,
PL035C,Inowroc?aw,,
PL036C,Ostrowiec Swietokrzyski,,
PL037C,Gniezno,,
PL038C,Stargard,,
PL039C,Ostrów Wielkopolski,,
PL040C,Przemysl,,
PL041C,Zamość,,
PL042C,Chełm,,
PL043C,Pabianice,,
PL044C,Głogów,,
PL045C,Stalowa Wola,,
PL046C,Tomaszów Mazowiecki,,
PL047C,Łomża,,
PL048C,Leszno,,
PL049C,Swidnica,,
PL050C,Zgierz,,
PL051C,Tczew,,
PL052C,Ełk,,
PL053C,Gdynia,,
PL054C,Sosnowiec,,
PL055C,Gliwice,,
PL056C,Zabrze,,
PL057C,Bytom,,
PL058C,Bielsko-Biała,,
PL059C,Ruda Śląska,,
PL060C,Rybnik,,
PL061C,Tychy,,
PL062C,Wałbrzych,,
PL063C,Elbląg,,
PL064C,Włocławek,,
PL065C,Tarnów,,
PL066C,Chorzów,,
PL067C,Legnica,,
PL068C,Grudziądz,,
PT001C,Lisboa (greater city),,
PT002C,Porto (greater city),,
PT003C,Braga (greater city),,
PT004C,Funchal (greater city),,
PT005C,Coimbra (greater city),,
PT006C,Setúbal (greater city),,
PT007C,Ponta Delgada (greater city),,
PT008C,Aveiro (greater city),,
PT009C,Faro (greater city),,
PT010C,Viseu (greater city),,
PT011C,Viana do Castelo (greater city),,
PT012C,Paredes (greater city),,
PT013C,Póvoa de Varzim (greater city),,
PT014C,Sintra (greater city),,
PT015C,Guimarães (greater city),,
PT016C,Vila Franca de Xira (greater city),,
RO001C,Bucuresti,,
RO002C,Cluj-Napoca,,
RO003C,Timișoara (greater city),,
RO004C,Craiova,,
RO005C,Brăila,,
RO006C,Oradea,,
RO007C,Bacău,,
RO008C,Arad,,
RO009C,Sibiu,,
RO010C,Târgu Mureș,,
RO011C,Piatra-Neamț,,
RO012C,Călărași,,
RO013C,Giurgiu,,
RO014C,Alba Iulia,,
RO015C,Focșani,,
RO016C,Târgu Jiu,,
RO017C,Tulcea,,
RO018C,Târgoviște,,
RO019C,Slatina,,
RO020C,Bârlad,,
RO021C,Roman,,
RO022C,Bistrița,,
RO023C,Constanța,,
RO024C,Iași (greater city),,
RO025C,Galați,,
RO026C,Brașov,,
RO027C,Ploiești,,
RO028C,Pitești,,
RO029C,Baia Mare,,
RO030C,Buzău,,
RO031C,Satu Mare,,
RO032C,Botoșani,,
RO033C,Râmnicu Vâlcea,,
RO034C,Suceava,,
RO035C,Drobeta-Turnu Severin,,
SE001C,Stockholm (greater city),,
SE002C,Göteborg (greater city),,
SE003C,Malmö,,
SE004C,Jönköping,,
SE005C,Umeå,,
SE006C,Uppsala,,
SE007C,Linköping,,
SE008C,Örebro,,
SE009C,Södertälje,,
SE010C,Västerås,,
SE011C,Norrköping,,
SE012C,Helsingborg,,
SE013C,Lund,,
SE014C,Borås,,
SE015C,Växjö,,
SI001C,Ljubljana,,
SI002C,Maribor,,
SK001C,Bratislava (greater city),,
SK002C,Košice (greater city),,
SK003C,Banská Bystrica,,
SK004C,Nitra,,
SK005C,Prešov,,
SK006C,Žilina,,
SK007C,Trnava,,
SK008C,Trenčín,,
SVK_Banska_Bystrica_SVK,"Banska Bystrica/SVK, Slovakia",SVK_Banska_Bystrica_SVK,"Banska Bystrica/SVK, Slovakia"
SVK_Bardejov_SVK,"Bardejov/SVK, Slovakia",SVK_Bardejov_SVK,"Bardejov/SVK, Slovakia"
SVK_Bratislava_SVK,"Bratislava/SVK, Slovakia",SVK_Bratislava_SVK,"Bratislava/SVK, Slovakia"
SVK_Bystricany_SVK,"Bystricany/SVK, Slovakia",,
SVK_Dudince_SVK,"Dudince/SVK, Slovakia",SVK_Dudince_SVK,"Dudince/SVK, Slovakia"
SVK_Dunajska_Luzna_SVK,"Dunajska Luzna/SVK, Slovakia",SVK_Dunajska_Luzna_SVK,"Dunajska Luzna/SVK, Slovakia"
SVK_Galanta_SVK,"Galanta/SVK, Slovakia",SVK_Galanta_SVK,"Galanta/SVK, Slovakia"
SVK_Gelnica_SVK,"Gelnica/SVK, Slovakia",SVK_Gelnica_SVK,"Gelnica/SVK, Slovakia"
SVK_Handlova_SVK,"Handlova/SVK, Slovakia",SVK_Handlova_SVK,"Handlova/SVK, Slovakia"
SVK_Hnusta_SVK,"Hnusta/SVK, Slovakia",,
SVK_Humenne_SVK,"Humenne/SVK, Slovakia",SVK_Humenne_SVK,"Humenne/SVK, Slovakia"
SVK_Jelsava_SVK,"Jelsava/SVK, Slovakia",SVK_Jelsava_SVK,"Jelsava/SVK, Slovakia"
SVK_Kolarovo_SVK,"Kolarovo/SVK, Slovakia",SVK_Kolarovo_SVK,"Kolarovo/SVK, Slovakia"
SVK_Komarno_SVK,"Komarno/SVK, Slovakia",SVK_Komarno_SVK,"Komarno/SVK, Slovakia"
SVK_Kosice_SVK,"Kosice/SVK, Slovakia",SVK_Kosice_SVK,"Kosice/SVK, Slovakia"
SVK_Krompachy_SVK,"Krompachy/SVK, Slovakia",SVK_Krompachy_SVK,"Krompachy/SVK, Slovakia"
SVK_Liptovsky_Mikulas_SVK,"Liptovsky Mikulas/SVK, Slovakia",SVK_Liptovsky_Mikulas_SVK,"Liptovsky Mikulas/SVK, Slovakia"
SVK_Lucenec_SVK,"Lucenec/SVK, Slovakia",SVK_Lucenec_SVK,"Lucenec/SVK, Slovakia"
SVK_Malacky_SVK,"Malacky/SVK, Slovakia",SVK_Malacky_SVK,"Malacky/SVK, Slovakia"
SVK_Martin_SVK,"Martin/SVK, Slovakia",SVK_Martin_SVK,"Martin/SVK, Slovakia"
SVK_Moldava_Nad_Bodvou_SVK,"Moldava Nad Bodvou/SVK, Slovakia",SVK_Moldava_Nad_Bodvou_SVK,"Moldava Nad Bodvou/SVK, Slovakia"
SVK_Myto_Pod_Dumbierom_SVK,"Myto Pod Dumbierom/SVK, Slovakia",SVK_Myto_Pod_Dumbierom_SVK,"Myto Pod Dumbierom/SVK, Slovakia"
SVK_Nitra_SVK,"Nitra/SVK, Slovakia",SVK_Nitra_SVK,"Nitra/SVK, Slovakia"
SVK_Novaky_SVK,"Novaky/SVK, Slovakia",SVK_Novaky_SVK,"Novaky/SVK, Slovakia"
SVK_Okoc_SVK,"Okoc/SVK, Slovakia",,
SVK_Oscadnica_SVK,"Oscadnica/SVK, Slovakia",SVK_Oscadnica_SVK,"Oscadnica/SVK, Slovakia"
SVK_Pezinok_SVK,"Pezinok/SVK, Slovakia",SVK_Pezinok_SVK,"Pezinok/SVK, Slovakia"
SVK_Poprad_SVK,"Poprad/SVK, Slovakia",SVK_Poprad_SVK,"Poprad/SVK, Slovakia"
SVK_Presov_SVK,"Presov/SVK, Slovakia",SVK_Presov_SVK,"Presov/SVK, Slovakia"
SVK_Prievidza_SVK,"Prievidza/SVK, Slovakia",SVK_Prievidza_SVK,"Prievidza/SVK, Slovakia"
SVK_Puchov_SVK,"Puchov/SVK, Slovakia",SVK_Puchov_SVK,"Puchov/SVK, Slovakia"
SVK_Ruzomberok_SVK,"Ruzomberok/SVK, Slovakia",SVK_Ruzomberok_SVK,"Ruzomberok/SVK, Slovakia"
SVK_Senec_SVK,"Senec/SVK, Slovakia",SVK_Senec_SVK,"Senec/SVK, Slovakia"
SVK_Senica_SVK,"Senica/SVK, Slovakia",SVK_Senica_SVK,"Senica/SVK, Slovakia"
SVK_Snina_SVK,"Snina/SVK, Slovakia",SVK_Snina_SVK,"Snina/SVK, Slovakia"
SVK_Stara_Lesna_SVK,"Stara Lesna/SVK, Slovakia",,
SVK_Strazske_SVK,"Strazske/SVK, Slovakia",SVK_Strazske_SVK,"Strazske/SVK, Slovakia"
SVK_Tatranska_Lomnica_SVK,"Tatranska Lomnica/SVK, Slovakia",SVK_Tatranska_Lomnica_SVK,"Tatranska Lomnica/SVK, Slovakia"
SVK_Tisovec_SVK,"Tisovec/SVK, Slovakia",SVK_Tisovec_SVK,"Tisovec/SVK, Slovakia"
SVK_Trebisov_SVK,"Trebisov/SVK, Slovakia",SVK_Trebisov_SVK,"Trebisov/SVK, Slovakia"
SVK_Trencin_SVK,"Trencin/SVK, Slovakia",SVK_Trencin_SVK,"Trencin/SVK, Slovakia"
SVK_Trnava_SVK,"Trnava/SVK, Slovakia",SVK_Trnava_SVK,"Trnava/SVK, Slovakia"
SVK_Velka_Ida_SVK,"Velka Ida/SVK, Slovakia",,
SVK_Vranov_Nad_Toplou_SVK,"Vranov Nad Toplou/SVK, Slovakia",SVK_Vranov_Nad_Toplou_SVK,"Vranov Nad Toplou/SVK, Slovakia"
SVK_Zarnovica_SVK,"Zarnovica/SVK, Slovakia",SVK_Zarnovica_SVK,"Zarnovica/SVK, Slovakia"
SVK_Ziar_Nad_Hronom_SVK,"Ziar Nad Hronom/SVK, Slovakia",SVK_Ziar_Nad_Hronom_SVK,"Ziar Nad Hronom/SVK, Slovakia"
SVK_Zilina_SVK,"Zilina/SVK, Slovakia",SVK_Zilina_SVK,"Zilina/SVK, Slovakia"
SVK_Zvolen_SVK,"Zvolen/SVK, Slovakia",SVK_Zvolen_SVK,"Zvolen/SVK, Slovakia"
TJK_Dushanbe_TJK,"Dushanbe/TJK, Tajikistan",TJK_Dushanbe_TJK,"Dushanbe/TJK, Tajikistan"
UK001C,London,,
UK002C,Birmingham,,
UK003C,Leeds,,
UK004C,Glasgow,,
UK005C,Bradford,,
UK006C,Liverpool,,
UK007C,Edinburgh,,
UK008C,Manchester,,
UK009C,Cardiff,,
UK010C,Sheffield,,
UK011C,Bristol,,
UK012C,Belfast,,
UK013C,Newcastle upon Tyne,,
UK014C,Leicester,,
UK015C,Aberdeen,,
UK016C,Cambridge,,
UK017C,Exeter,,
UK018C,Lincoln,,
UK019C,Gravesham,,
UK020C,Stevenage,,
UK021C,Wrexham,,
UK022C,Portsmouth,,
UK023C,Worcester,,
UK024C,Coventry,,
UK025C,Kingston-upon-Hull,,
UK026C,Stoke-on-Trent,,
UK027C,Wolverhampton,,
UK028C,Nottingham,,
UK029C,Wirral,,
UK030C,Bath and North East Somerset,,
UK031C,Thurrock,,
UK032C,Guildford,,
UK033C,Thanet,,
UK034C,Nuneaton and Bedworth,,
UK035C,Tunbridge Wells,,
UK036C,Ashford,,
UK037C,East Staffordshire,,
UK038C,Darlington,,
UK039C,Worthing,,
UK040C,Mansfield,,
UK041C,Chesterfield,,
UK042C,Burnley,,
UK043C,Great Yarmouth,,
UK044C,Woking,,
UK045C,Hartlepool,,
UK046C,Cannock Chase,,
UK047C,Eastbourne,,
UK048C,Hastings,,
UK049C,Hyndburn,,
UK050C,Redditch,,
UK051C,Tamworth,,
UK052C,Harlow,,
UK053C,Halton,,
UK054C,Kirklees,,
UK055C,North Lanarkshire (Airdrie/Bellshill/Coatbridge/Motherwell),,
UK056C,Wakefield,,
UK057C,Dudley,,
UK058C,Wigan,,
UK059C,Doncaster,,
UK060C,Stockport,,
UK061C,Sefton,,
UK062C,Sandwell,,
UK063C,Sunderland,,
UK064C,Bolton,,
UK065C,Walsall,,
UK066C,Medway,,
UK067C,Rotherham,,
UK068C,Brighton and Hove,,
UK069C,Plymouth,,
UK070C,Swansea,,
UK071C,Derby,,
UK072C,Barnsley,,
UK073C,Southampton,,
UK074C,Oldham,,
UK075C,Salford,,
UK076C,Tameside,,
UK077C,Trafford,,
UK078C,Milton Keynes,,
UK079C,Rochdale,,
UK080C,Solihull,,
UK081C,Northampton,,
UK082C,North Tyneside,,
UK083C,Gateshead,,
UK084C,Warrington,,
UK085C,Luton,,
UK086C,York,,
UK087C,Bury,,
UK088C,Swindon,,
UK089C,Stockton-on-Tees,,
UK090C,St. Helens,,
UK091C,Basildon,,
UK092C,Bournemouth,,
UK093C,Southend-on-Sea,,
UK094C,Telford and Wrekin,,
UK095C,North East Lincolnshire,,
UK096C,Chelmsford,,
UK097C,Peterborough,,
UK098C,Colchester,,
UK099C,South Tyneside,,
UK100C,Basingstoke and Deane,,
UK101C,Bedford,,
UK102C,Dundee City,,
UK103C,Falkirk,,
UK104C,Reading,,
UK105C,Blackpool,,
UK106C,Maidstone,,
UK107C,Dacorum,,
UK108C,Blackburn with Darwen,,
UK109C,Newport,,
UK110C,Middlesbrough,,
UK111C,Oxford,,
UK112C,Torbay,,
UK113C,Preston,,
UK114C,St Albans,,
UK115C,Warwick,,
UK116C,Newcastle-under-Lyme,,
UK117C,Norwich,,
UK118C,Slough,,
UK119C,Cheshire West and Chester,,
UK120C,Ipswich,,
UK121C,Cheltenham,,
UK122C,Gloucester,,
UK123C,Bracknell Forest,,
UK124C,Carlisle,,
UK125C,Crawley,,
UK126C,Watford,,
UK127C,Gosport,,
UK128C,Eastleigh,,
UK129C,Rushmoor,,
UK130C,Rugby,,
UK131C,Corby,,
UK132C,Kettering,,
UK133C,Inverclyde (Greenock),,
UK134C,Renfrewshire (Paisley),,
UK135C,Derry & Strabane Local Government District,,
