freq,unit,facility,Health facility,hlthcare,Health care,location_code,time_period,obs_value,obs_flag,conf_status,country_code,country_name,year,indicator,indicator_desc
A,P_HTHAB,HBEDT,Available beds in hospitals (HP.1),TOTAL,Total,AT,2015,735.29,,,AT,,2015,hospital_beds_per_100k,"Hospital beds per 100,000 inhabitants"
A,P_HTHAB,HBEDT,Available beds in hospitals (HP.1),TOTAL,Total,AT,2016,731.91,,,AT,,2016,hospital_beds_per_100k,"Hospital beds per 100,000 inhabitants"
A,P_HTHAB,HBEDT,Available beds in hospitals (HP.1),TOTAL,Total,AT,2017,731.53,,,AT,,2017,hospital_beds_per_100k,"Hospital beds per 100,000 inhabitants"
A,P_HTHAB,HBEDT,Available beds in hospitals (HP.1),TOTAL,Total,AT,2018,725.66,,,AT,,2018,hospital_beds_per_100k,"Hospital beds per 100,000 inhabitants"
A,P_HTHAB,HBEDT,Available beds in hospitals (HP.1),TOTAL,Total,AT,2019,718.9,,,AT,,2019,hospital_beds_per_100k,"Hospital beds per 100,000 inhabitants"
A,P_HTHAB,HBEDT,Available beds in hospitals (HP.1),TOTAL,Total,AT,2020,705.1,,,AT,,2020,hospital_beds_per_100k,"Hospital beds per 100,000 inhabitants"
A,P_HTHAB,HBEDT,Available beds in hospitals (HP.1),TOTAL,Total,AT,2021,691.47,,,AT,,2021,hospital_beds_per_100k,"Hospital beds per 100,000 inhabitants"
A,P_HTHAB,HBEDT,Available beds in hospitals (HP.1),TOTAL,Total,AT,2022,671.75,,,AT,,2022,hospital_beds_per_100k,"Hospital beds per 100,000 inhabitants"
A,P_HTHAB,HBEDT,Available beds in hospitals (HP.1),TOTAL,Total,AT,2023,660.4,,,AT,,2023,hospital_beds_per_100k,"Hospital beds per 100,000 inhabitants"
A,P_HTHAB,HBEDT,Available beds in hospitals (HP.1),TOTAL,Total,BE,2015,573.99,,,BE,,2015,hospital_beds_per_100k,"Hospital beds per 100,000 inhabitants"
A,P_HTHAB,HBEDT,Available beds in hospitals (HP.1),TOTAL,Total,BE,2016,570.15,,,BE,,2016,hospital_beds_per_100k,"Hospital beds per 100,000 inhabitants"
A,P_HTHAB,HBEDT,Available beds in hospitals (HP.1),TOTAL,Total,BE,2017,562.38,,,BE,,2017,hospital_beds_per_100k,"Hospital beds per 100,000 inhabitants"
A,P_HTHAB,HBEDT,Available beds in hospitals (HP.1),TOTAL,Total,BE,2018,560.85,,,BE,,2018,hospital_beds_per_100k,"Hospital beds per 100,000 inhabitants"
A,P_HTHAB,HBEDT,Available beds in hospitals (HP.1),TOTAL,Total,BE,2019,556.72,bd,,BE,,2019,hospital_beds_per_100k,"Hospital beds per 100,000 inhabitants"
A,P_HTHAB,HBEDT,Available beds in hospitals (HP.1),TOTAL,Total,BE,2020,553.33,d,,BE,,2020,hospital_beds_per_100k,"Hospital beds per 100,000 inhabitants"
A,P_HTHAB,HBEDT,Available beds in hospitals (HP.1),TOTAL,Total,BE,2021,549.22,d,,BE,,2021,hospital_beds_per_100k,"Hospital beds per 100,000 inhabitants"
A,P_HTHAB,HBEDT,Available beds in hospitals (HP.1),TOTAL,Total,BE,2022,544.27,d,,BE,,2022,hospital_beds_per_100k,"Hospital beds per 100,000 inhabitants"
A,P_HTHAB,HBEDT,Available beds in hospitals (HP.1),TOTAL,Total,BE,2023,539.11,d,,BE,,2023,hospital_beds_per_100k,"Hospital beds per 100,000 inhabitants"
A,P_HTHAB,HBEDT,Available beds in hospitals (HP.1),TOTAL,Total,BG,2015,779.29,,,BG,,2015,hospital_beds_per_100k,"Hospital beds per 100,000 inhabitants"
A,P_HTHAB,HBEDT,Available beds in hospitals (HP.1),TOTAL,Total,BG,2016,777.53,,,BG,,2016,hospital_beds_per_100k,"Hospital beds per 100,000 inhabitants"
A,P_HTHAB,HBEDT,Available beds in hospitals (HP.1),TOTAL,Total,BG,2017,791.46,,,BG,,2017,hospital_beds_per_100k,"Hospital beds per 100,000 inhabitants"
A,P_HTHAB,HBEDT,Available beds in hospitals (HP.1),TOTAL,Total,BG,2018,797.89,,,BG,,2018,hospital_beds_per_100k,"Hospital beds per 100,000 inhabitants"
A,P_HTHAB,HBEDT,Available beds in hospitals (HP.1),TOTAL,Total,BG,2019,816.07,,,BG,,2019,hospital_beds_per_100k,"Hospital beds per 100,000 inhabitants"
A,P_HTHAB,HBEDT,Available beds in hospitals (HP.1),TOTAL,Total,BG,2020,827.64,,,BG,,2020,hospital_beds_per_100k,"Hospital beds per 100,000 inhabitants"
A,P_HTHAB,HBEDT,Available beds in hospitals (HP.1),TOTAL,Total,BG,2021,837.38,,,BG,,2021,hospital_beds_per_100k,"Hospital beds per 100,000 inhabitants"
A,P_HTHAB,HBEDT,Available beds in hospitals (HP.1),TOTAL,Total,BG,2022,846.19,,,BG,,2022,hospital_beds_per_100k,"Hospital beds per 100,000 inhabitants"
A,P_HTHAB,HBEDT,Available beds in hospitals (HP.1),TOTAL,Total,BG,2023,864.39,,,BG,,2023,hospital_beds_per_100k,"Hospital beds per 100,000 inhabitants"
A,P_HTHAB,HBEDT,Available beds in hospitals (HP.1),TOTAL,Total,CH,2015,458.49,,,CH,,2015,hospital_beds_per_100k,"Hospital beds per 100,000 inhabitants"
A,P_HTHAB,HBEDT,Available beds in hospitals (HP.1),TOTAL,Total,CH,2016,459.41,,,CH,,2016,hospital_beds_per_100k,"Hospital beds per 100,000 inhabitants"
A,P_HTHAB,HBEDT,Available beds in hospitals (HP.1),TOTAL,Total,CH,2017,460.29,,,CH,,2017,hospital_beds_per_100k,"Hospital beds per 100,000 inhabitants"
A,P_HTHAB,HBEDT,Available beds in hospitals (HP.1),TOTAL,Total,CH,2018,461.13,,,CH,,2018,hospital_beds_per_100k,"Hospital beds per 100,000 inhabitants"
A,P_HTHAB,HBEDT,Available beds in hospitals (HP.1),TOTAL,Total,CH,2019,459.34,,,CH,,2019,hospital_beds_per_100k,"Hospital beds per 100,000 inhabitants"
A,P_HTHAB,HBEDT,Available beds in hospitals (HP.1),TOTAL,Total,CH,2020,448.07,,,CH,,2020,hospital_beds_per_100k,"Hospital beds per 100,000 inhabitants"
A,P_HTHAB,HBEDT,Available beds in hospitals (HP.1),TOTAL,Total,CH,2021,443.35,,,CH,,2021,hospital_beds_per_100k,"Hospital beds per 100,000 inhabitants"
A,P_HTHAB,HBEDT,Available beds in hospitals (HP.1),TOTAL,Total,CH,2022,442.07,,,CH,,2022,hospital_beds_per_100k,"Hospital beds per 100,000 inhabitants"
A,P_HTHAB,HBEDT,Available beds in hospitals (HP.1),TOTAL,Total,CH,2023,436.64,,,CH,,2023,hospital_beds_per_100k,"Hospital beds per 100,000 inhabitants"
A,P_HTHAB,HBEDT,Available beds in hospitals (HP.1),TOTAL,Total,CY,2015,325.21,,,CY,,2015,hospital_beds_per_100k,"Hospital beds per 100,000 inhabitants"
A,P_HTHAB,HBEDT,Available beds in hospitals (HP.1),TOTAL,Total,CY,2016,327.79,,,CY,,2016,hospital_beds_per_100k,"Hospital beds per 100,000 inhabitants"
A,P_HTHAB,HBEDT,Available beds in hospitals (HP.1),TOTAL,Total,CY,2017,318.25,,,CY,,2017,hospital_beds_per_100k,"Hospital beds per 100,000 inhabitants"
A,P_HTHAB,HBEDT,Available beds in hospitals (HP.1),TOTAL,Total,CY,2018,311.06,,,CY,,2018,hospital_beds_per_100k,"Hospital beds per 100,000 inhabitants"
A,P_HTHAB,HBEDT,Available beds in hospitals (HP.1),TOTAL,Total,CY,2019,306.48,,,CY,,2019,hospital_beds_per_100k,"Hospital beds per 100,000 inhabitants"
A,P_HTHAB,HBEDT,Available beds in hospitals (HP.1),TOTAL,Total,CY,2020,314.27,,,CY,,2020,hospital_beds_per_100k,"Hospital beds per 100,000 inhabitants"
A,P_HTHAB,HBEDT,Available beds in hospitals (HP.1),TOTAL,Total,CY,2021,311.21,,,CY,,2021,hospital_beds_per_100k,"Hospital beds per 100,000 inhabitants"
A,P_HTHAB,HBEDT,Available beds in hospitals (HP.1),TOTAL,Total,CY,2022,308.23,,,CY,,2022,hospital_beds_per_100k,"Hospital beds per 100,000 inhabitants"
A,P_HTHAB,HBEDT,Available beds in hospitals (HP.1),TOTAL,Total,CY,2023,298.21,,,CY,,2023,hospital_beds_per_100k,"Hospital beds per 100,000 inhabitants"
A,P_HTHAB,HBEDT,Available beds in hospitals (HP.1),TOTAL,Total,CZ,2015,664.74,,,CZ,,2015,hospital_beds_per_100k,"Hospital beds per 100,000 inhabitants"
A,P_HTHAB,HBEDT,Available beds in hospitals (HP.1),TOTAL,Total,CZ,2016,665.77,,,CZ,,2016,hospital_beds_per_100k,"Hospital beds per 100,000 inhabitants"
A,P_HTHAB,HBEDT,Available beds in hospitals (HP.1),TOTAL,Total,CZ,2017,663.84,,,CZ,,2017,hospital_beds_per_100k,"Hospital beds per 100,000 inhabitants"
A,P_HTHAB,HBEDT,Available beds in hospitals (HP.1),TOTAL,Total,CZ,2018,664.87,,,CZ,,2018,hospital_beds_per_100k,"Hospital beds per 100,000 inhabitants"
A,P_HTHAB,HBEDT,Available beds in hospitals (HP.1),TOTAL,Total,CZ,2019,662.59,,,CZ,,2019,hospital_beds_per_100k,"Hospital beds per 100,000 inhabitants"
A,P_HTHAB,HBEDT,Available beds in hospitals (HP.1),TOTAL,Total,CZ,2020,660.63,,,CZ,,2020,hospital_beds_per_100k,"Hospital beds per 100,000 inhabitants"
A,P_HTHAB,HBEDT,Available beds in hospitals (HP.1),TOTAL,Total,CZ,2021,666.58,,,CZ,,2021,hospital_beds_per_100k,"Hospital beds per 100,000 inhabitants"
A,P_HTHAB,HBEDT,Available beds in hospitals (HP.1),TOTAL,Total,CZ,2022,654.24,,,CZ,,2022,hospital_beds_per_100k,"Hospital beds per 100,000 inhabitants"
A,P_HTHAB,HBEDT,Available beds in hospitals (HP.1),TOTAL,Total,CZ,2023,640.65,,,CZ,,2023,hospital_beds_per_100k,"Hospital beds per 100,000 inhabitants"
A,P_HTHAB,HBEDT,Available beds in hospitals (HP.1),TOTAL,Total,DE,2015,800.25,,,DE,,2015,hospital_beds_per_100k,"Hospital beds per 100,000 inhabitants"
A,P_HTHAB,HBEDT,Available beds in hospitals (HP.1),TOTAL,Total,DE,2016,799.74,,,DE,,2016,hospital_beds_per_100k,"Hospital beds per 100,000 inhabitants"
A,P_HTHAB,HBEDT,Available beds in hospitals (HP.1),TOTAL,Total,DE,2017,796.74,,,DE,,2017,hospital_beds_per_100k,"Hospital beds per 100,000 inhabitants"
A,P_HTHAB,HBEDT,Available beds in hospitals (HP.1),TOTAL,Total,DE,2018,797.26,,,DE,,2018,hospital_beds_per_100k,"Hospital beds per 100,000 inhabitants"
A,P_HTHAB,HBEDT,Available beds in hospitals (HP.1),TOTAL,Total,DE,2019,791.48,,,DE,,2019,hospital_beds_per_100k,"Hospital beds per 100,000 inhabitants"
A,P_HTHAB,HBEDT,Available beds in hospitals (HP.1),TOTAL,Total,DE,2020,781.82,,,DE,,2020,hospital_beds_per_100k,"Hospital beds per 100,000 inhabitants"
A,P_HTHAB,HBEDT,Available beds in hospitals (HP.1),TOTAL,Total,DE,2021,776.02,,,DE,,2021,hospital_beds_per_100k,"Hospital beds per 100,000 inhabitants"
A,P_HTHAB,HBEDT,Available beds in hospitals (HP.1),TOTAL,Total,DE,2022,771.97,,,DE,,2022,hospital_beds_per_100k,"Hospital beds per 100,000 inhabitants"
A,P_HTHAB,HBEDT,Available beds in hospitals (HP.1),TOTAL,Total,DE,2023,766.45,,,DE,,2023,hospital_beds_per_100k,"Hospital beds per 100,000 inhabitants"
A,P_HTHAB,HBEDT,Available beds in hospitals (HP.1),TOTAL,Total,DK,2016,249.07,,,DK,,2016,hospital_beds_per_100k,"Hospital beds per 100,000 inhabitants"
A,P_HTHAB,HBEDT,Available beds in hospitals (HP.1),TOTAL,Total,DK,2017,251.82,,,DK,,2017,hospital_beds_per_100k,"Hospital beds per 100,000 inhabitants"
A,P_HTHAB,HBEDT,Available beds in hospitals (HP.1),TOTAL,Total,DK,2018,253.41,,,DK,,2018,hospital_beds_per_100k,"Hospital beds per 100,000 inhabitants"
A,P_HTHAB,HBEDT,Available beds in hospitals (HP.1),TOTAL,Total,DK,2019,248.97,,,DK,,2019,hospital_beds_per_100k,"Hospital beds per 100,000 inhabitants"
A,P_HTHAB,HBEDT,Available beds in hospitals (HP.1),TOTAL,Total,DK,2020,248.4,,,DK,,2020,hospital_beds_per_100k,"Hospital beds per 100,000 inhabitants"
A,P_HTHAB,HBEDT,Available beds in hospitals (HP.1),TOTAL,Total,DK,2021,240.94,,,DK,,2021,hospital_beds_per_100k,"Hospital beds per 100,000 inhabitants"
A,P_HTHAB,HBEDT,Available beds in hospitals (HP.1),TOTAL,Total,DK,2022,237.5,,,DK,,2022,hospital_beds_per_100k,"Hospital beds per 100,000 inhabitants"
A,P_HTHAB,HBEDT,Available beds in hospitals (HP.1),TOTAL,Total,DK,2023,232.81,b,,DK,,2023,hospital_beds_per_100k,"Hospital beds per 100,000 inhabitants"
A,P_HTHAB,HBEDT,Available beds in hospitals (HP.1),TOTAL,Total,EE,2015,478.71,,,EE,,2015,hospital_beds_per_100k,"Hospital beds per 100,000 inhabitants"
A,P_HTHAB,HBEDT,Available beds in hospitals (HP.1),TOTAL,Total,EE,2016,465.42,,,EE,,2016,hospital_beds_per_100k,"Hospital beds per 100,000 inhabitants"
A,P_HTHAB,HBEDT,Available beds in hospitals (HP.1),TOTAL,Total,EE,2017,458.02,,,EE,,2017,hospital_beds_per_100k,"Hospital beds per 100,000 inhabitants"
A,P_HTHAB,HBEDT,Available beds in hospitals (HP.1),TOTAL,Total,EE,2018,452.51,,,EE,,2018,hospital_beds_per_100k,"Hospital beds per 100,000 inhabitants"
A,P_HTHAB,HBEDT,Available beds in hospitals (HP.1),TOTAL,Total,EE,2019,453.01,,,EE,,2019,hospital_beds_per_100k,"Hospital beds per 100,000 inhabitants"
A,P_HTHAB,HBEDT,Available beds in hospitals (HP.1),TOTAL,Total,EE,2020,446.33,,,EE,,2020,hospital_beds_per_100k,"Hospital beds per 100,000 inhabitants"
A,P_HTHAB,HBEDT,Available beds in hospitals (HP.1),TOTAL,Total,EE,2021,439.47,,,EE,,2021,hospital_beds_per_100k,"Hospital beds per 100,000 inhabitants"
A,P_HTHAB,HBEDT,Available beds in hospitals (HP.1),TOTAL,Total,EE,2022,419.1,,,EE,,2022,hospital_beds_per_100k,"Hospital beds per 100,000 inhabitants"
A,P_HTHAB,HBEDT,Available beds in hospitals (HP.1),TOTAL,Total,EE,2023,411.59,,,EE,,2023,hospital_beds_per_100k,"Hospital beds per 100,000 inhabitants"
A,P_HTHAB,HBEDT,Available beds in hospitals (HP.1),TOTAL,Total,EL,2015,428.41,,,EL,,2015,hospital_beds_per_100k,"Hospital beds per 100,000 inhabitants"
A,P_HTHAB,HBEDT,Available beds in hospitals (HP.1),TOTAL,Total,EL,2016,422.14,,,EL,,2016,hospital_beds_per_100k,"Hospital beds per 100,000 inhabitants"
A,P_HTHAB,HBEDT,Available beds in hospitals (HP.1),TOTAL,Total,EL,2017,422.09,,,EL,,2017,hospital_beds_per_100k,"Hospital beds per 100,000 inhabitants"
A,P_HTHAB,HBEDT,Available beds in hospitals (HP.1),TOTAL,Total,EL,2018,420.09,,,EL,,2018,hospital_beds_per_100k,"Hospital beds per 100,000 inhabitants"
A,P_HTHAB,HBEDT,Available beds in hospitals (HP.1),TOTAL,Total,EL,2019,415.22,,,EL,,2019,hospital_beds_per_100k,"Hospital beds per 100,000 inhabitants"
A,P_HTHAB,HBEDT,Available beds in hospitals (HP.1),TOTAL,Total,EL,2020,419.88,,,EL,,2020,hospital_beds_per_100k,"Hospital beds per 100,000 inhabitants"
A,P_HTHAB,HBEDT,Available beds in hospitals (HP.1),TOTAL,Total,EL,2021,423.82,,,EL,,2021,hospital_beds_per_100k,"Hospital beds per 100,000 inhabitants"
A,P_HTHAB,HBEDT,Available beds in hospitals (HP.1),TOTAL,Total,EL,2022,426.07,,,EL,,2022,hospital_beds_per_100k,"Hospital beds per 100,000 inhabitants"
A,P_HTHAB,HBEDT,Available beds in hospitals (HP.1),TOTAL,Total,EL,2023,424.06,,,EL,,2023,hospital_beds_per_100k,"Hospital beds per 100,000 inhabitants"
A,P_HTHAB,HBEDT,Available beds in hospitals (HP.1),TOTAL,Total,ES,2015,294.05,,,ES,,2015,hospital_beds_per_100k,"Hospital beds per 100,000 inhabitants"
A,P_HTHAB,HBEDT,Available beds in hospitals (HP.1),TOTAL,Total,ES,2016,293.84,,,ES,,2016,hospital_beds_per_100k,"Hospital beds per 100,000 inhabitants"
A,P_HTHAB,HBEDT,Available beds in hospitals (HP.1),TOTAL,Total,ES,2017,295.36,,,ES,,2017,hospital_beds_per_100k,"Hospital beds per 100,000 inhabitants"
A,P_HTHAB,HBEDT,Available beds in hospitals (HP.1),TOTAL,Total,ES,2018,296.39,,,ES,,2018,hospital_beds_per_100k,"Hospital beds per 100,000 inhabitants"
A,P_HTHAB,HBEDT,Available beds in hospitals (HP.1),TOTAL,Total,ES,2019,294.71,,,ES,,2019,hospital_beds_per_100k,"Hospital beds per 100,000 inhabitants"
A,P_HTHAB,HBEDT,Available beds in hospitals (HP.1),TOTAL,Total,ES,2020,295.56,,,ES,,2020,hospital_beds_per_100k,"Hospital beds per 100,000 inhabitants"
A,P_HTHAB,HBEDT,Available beds in hospitals (HP.1),TOTAL,Total,ES,2021,295.92,,,ES,,2021,hospital_beds_per_100k,"Hospital beds per 100,000 inhabitants"
A,P_HTHAB,HBEDT,Available beds in hospitals (HP.1),TOTAL,Total,ES,2022,294.13,,,ES,,2022,hospital_beds_per_100k,"Hospital beds per 100,000 inhabitants"
A,P_HTHAB,HBEDT,Available beds in hospitals (HP.1),TOTAL,Total,ES,2023,288.06,p,,ES,,2023,hospital_beds_per_100k,"Hospital beds per 100,000 inhabitants"
A,P_HTHAB,HBEDT,Available beds in hospitals (HP.1),TOTAL,Total,EU27_2020,2015,547.09,e,,EU27_2020,,2015,hospital_beds_per_100k,"Hospital beds per 100,000 inhabitants"
A,P_HTHAB,HBEDT,Available beds in hospitals (HP.1),TOTAL,Total,EU27_2020,2016,543.88,,,EU27_2020,,2016,hospital_beds_per_100k,"Hospital beds per 100,000 inhabitants"
A,P_HTHAB,HBEDT,Available beds in hospitals (HP.1),TOTAL,Total,EU27_2020,2017,541.29,,,EU27_2020,,2017,hospital_beds_per_100k,"Hospital beds per 100,000 inhabitants"
A,P_HTHAB,HBEDT,Available beds in hospitals (HP.1),TOTAL,Total,EU27_2020,2018,538.33,,,EU27_2020,,2018,hospital_beds_per_100k,"Hospital beds per 100,000 inhabitants"
A,P_HTHAB,HBEDT,Available beds in hospitals (HP.1),TOTAL,Total,EU27_2020,2019,531.66,,,EU27_2020,,2019,hospital_beds_per_100k,"Hospital beds per 100,000 inhabitants"
A,P_HTHAB,HBEDT,Available beds in hospitals (HP.1),TOTAL,Total,EU27_2020,2020,527.39,,,EU27_2020,,2020,hospital_beds_per_100k,"Hospital beds per 100,000 inhabitants"
A,P_HTHAB,HBEDT,Available beds in hospitals (HP.1),TOTAL,Total,EU27_2020,2021,525.23,,,EU27_2020,,2021,hospital_beds_per_100k,"Hospital beds per 100,000 inhabitants"
A,P_HTHAB,HBEDT,Available beds in hospitals (HP.1),TOTAL,Total,EU27_2020,2022,517.04,,,EU27_2020,,2022,hospital_beds_per_100k,"Hospital beds per 100,000 inhabitants"
A,P_HTHAB,HBEDT,Available beds in hospitals (HP.1),TOTAL,Total,EU27_2020,2023,510.81,,,EU27_2020,,2023,hospital_beds_per_100k,"Hospital beds per 100,000 inhabitants"
A,P_HTHAB,HBEDT,Available beds in hospitals (HP.1),TOTAL,Total,EU28,2015,509.13,e,,EU28,,2015,hospital_beds_per_100k,"Hospital beds per 100,000 inhabitants"
A,P_HTHAB,HBEDT,Available beds in hospitals (HP.1),TOTAL,Total,EU28,2016,506.14,,,EU28,,2016,hospital_beds_per_100k,"Hospital beds per 100,000 inhabitants"
A,P_HTHAB,HBEDT,Available beds in hospitals (HP.1),TOTAL,Total,EU28,2017,503.62,,,EU28,,2017,hospital_beds_per_100k,"Hospital beds per 100,000 inhabitants"
A,P_HTHAB,HBEDT,Available beds in hospitals (HP.1),TOTAL,Total,EU28,2018,500.7,,,EU28,,2018,hospital_beds_per_100k,"Hospital beds per 100,000 inhabitants"
A,P_HTHAB,HBEDT,Available beds in hospitals (HP.1),TOTAL,Total,EU28,2019,494.98,,,EU28,,2019,hospital_beds_per_100k,"Hospital beds per 100,000 inhabitants"
A,P_HTHAB,HBEDT,Available beds in hospitals (HP.1),TOTAL,Total,FI,2015,425.32,e,,FI,,2015,hospital_beds_per_100k,"Hospital beds per 100,000 inhabitants"
A,P_HTHAB,HBEDT,Available beds in hospitals (HP.1),TOTAL,Total,FI,2016,395.31,e,,FI,,2016,hospital_beds_per_100k,"Hospital beds per 100,000 inhabitants"
A,P_HTHAB,HBEDT,Available beds in hospitals (HP.1),TOTAL,Total,FI,2017,374.78,e,,FI,,2017,hospital_beds_per_100k,"Hospital beds per 100,000 inhabitants"
A,P_HTHAB,HBEDT,Available beds in hospitals (HP.1),TOTAL,Total,FI,2018,356.4,e,,FI,,2018,hospital_beds_per_100k,"Hospital beds per 100,000 inhabitants"
A,P_HTHAB,HBEDT,Available beds in hospitals (HP.1),TOTAL,Total,FI,2019,339.29,be,,FI,,2019,hospital_beds_per_100k,"Hospital beds per 100,000 inhabitants"
A,P_HTHAB,HBEDT,Available beds in hospitals (HP.1),TOTAL,Total,FI,2020,274.69,e,,FI,,2020,hospital_beds_per_100k,"Hospital beds per 100,000 inhabitants"
A,P_HTHAB,HBEDT,Available beds in hospitals (HP.1),TOTAL,Total,FI,2021,278.94,e,,FI,,2021,hospital_beds_per_100k,"Hospital beds per 100,000 inhabitants"
A,P_HTHAB,HBEDT,Available beds in hospitals (HP.1),TOTAL,Total,FI,2022,261.51,e,,FI,,2022,hospital_beds_per_100k,"Hospital beds per 100,000 inhabitants"
A,P_HTHAB,HBEDT,Available beds in hospitals (HP.1),TOTAL,Total,FI,2023,259.51,e,,FI,,2023,hospital_beds_per_100k,"Hospital beds per 100,000 inhabitants"
A,P_HTHAB,HBEDT,Available beds in hospitals (HP.1),TOTAL,Total,FR,2015,606.14,,,FR,,2015,hospital_beds_per_100k,"Hospital beds per 100,000 inhabitants"
A,P_HTHAB,HBEDT,Available beds in hospitals (HP.1),TOTAL,Total,FR,2016,600.24,,,FR,,2016,hospital_beds_per_100k,"Hospital beds per 100,000 inhabitants"
A,P_HTHAB,HBEDT,Available beds in hospitals (HP.1),TOTAL,Total,FR,2017,593.33,,,FR,,2017,hospital_beds_per_100k,"Hospital beds per 100,000 inhabitants"
A,P_HTHAB,HBEDT,Available beds in hospitals (HP.1),TOTAL,Total,FR,2018,587.48,,,FR,,2018,hospital_beds_per_100k,"Hospital beds per 100,000 inhabitants"
A,P_HTHAB,HBEDT,Available beds in hospitals (HP.1),TOTAL,Total,FR,2019,579.83,,,FR,,2019,hospital_beds_per_100k,"Hospital beds per 100,000 inhabitants"
A,P_HTHAB,HBEDT,Available beds in hospitals (HP.1),TOTAL,Total,FR,2020,570.96,,,FR,,2020,hospital_beds_per_100k,"Hospital beds per 100,000 inhabitants"
A,P_HTHAB,HBEDT,Available beds in hospitals (HP.1),TOTAL,Total,FR,2021,560.46,,,FR,,2021,hospital_beds_per_100k,"Hospital beds per 100,000 inhabitants"
A,P_HTHAB,HBEDT,Available beds in hospitals (HP.1),TOTAL,Total,FR,2022,548.33,,,FR,,2022,hospital_beds_per_100k,"Hospital beds per 100,000 inhabitants"
A,P_HTHAB,HBEDT,Available beds in hospitals (HP.1),TOTAL,Total,FR,2023,540.22,,,FR,,2023,hospital_beds_per_100k,"Hospital beds per 100,000 inhabitants"
A,P_HTHAB,HBEDT,Available beds in hospitals (HP.1),TOTAL,Total,HR,2015,589.84,,,HR,,2015,hospital_beds_per_100k,"Hospital beds per 100,000 inhabitants"
A,P_HTHAB,HBEDT,Available beds in hospitals (HP.1),TOTAL,Total,HR,2016,577.45,,,HR,,2016,hospital_beds_per_100k,"Hospital beds per 100,000 inhabitants"
A,P_HTHAB,HBEDT,Available beds in hospitals (HP.1),TOTAL,Total,HR,2017,576.46,,,HR,,2017,hospital_beds_per_100k,"Hospital beds per 100,000 inhabitants"
A,P_HTHAB,HBEDT,Available beds in hospitals (HP.1),TOTAL,Total,HR,2018,578.53,,,HR,,2018,hospital_beds_per_100k,"Hospital beds per 100,000 inhabitants"
A,P_HTHAB,HBEDT,Available beds in hospitals (HP.1),TOTAL,Total,HR,2019,583.13,,,HR,,2019,hospital_beds_per_100k,"Hospital beds per 100,000 inhabitants"
A,P_HTHAB,HBEDT,Available beds in hospitals (HP.1),TOTAL,Total,HR,2020,585.78,,,HR,,2020,hospital_beds_per_100k,"Hospital beds per 100,000 inhabitants"
A,P_HTHAB,HBEDT,Available beds in hospitals (HP.1),TOTAL,Total,HR,2021,578.03,,,HR,,2021,hospital_beds_per_100k,"Hospital beds per 100,000 inhabitants"
A,P_HTHAB,HBEDT,Available beds in hospitals (HP.1),TOTAL,Total,HR,2022,583.78,,,HR,,2022,hospital_beds_per_100k,"Hospital beds per 100,000 inhabitants"
A,P_HTHAB,HBEDT,Available beds in hospitals (HP.1),TOTAL,Total,HR,2023,565.45,,,HR,,2023,hospital_beds_per_100k,"Hospital beds per 100,000 inhabitants"
A,P_HTHAB,HBEDT,Available beds in hospitals (HP.1),TOTAL,Total,HU,2015,709.7,,,HU,,2015,hospital_beds_per_100k,"Hospital beds per 100,000 inhabitants"
A,P_HTHAB,HBEDT,Available beds in hospitals (HP.1),TOTAL,Total,HU,2016,708.36,,,HU,,2016,hospital_beds_per_100k,"Hospital beds per 100,000 inhabitants"
A,P_HTHAB,HBEDT,Available beds in hospitals (HP.1),TOTAL,Total,HU,2017,708.25,,,HU,,2017,hospital_beds_per_100k,"Hospital beds per 100,000 inhabitants"
A,P_HTHAB,HBEDT,Available beds in hospitals (HP.1),TOTAL,Total,HU,2018,700.46,b,,HU,,2018,hospital_beds_per_100k,"Hospital beds per 100,000 inhabitants"
A,P_HTHAB,HBEDT,Available beds in hospitals (HP.1),TOTAL,Total,HU,2019,696.19,,,HU,,2019,hospital_beds_per_100k,"Hospital beds per 100,000 inhabitants"
A,P_HTHAB,HBEDT,Available beds in hospitals (HP.1),TOTAL,Total,HU,2020,681.31,,,HU,,2020,hospital_beds_per_100k,"Hospital beds per 100,000 inhabitants"
A,P_HTHAB,HBEDT,Available beds in hospitals (HP.1),TOTAL,Total,HU,2021,684.12,,,HU,,2021,hospital_beds_per_100k,"Hospital beds per 100,000 inhabitants"
A,P_HTHAB,HBEDT,Available beds in hospitals (HP.1),TOTAL,Total,HU,2022,668.04,,,HU,,2022,hospital_beds_per_100k,"Hospital beds per 100,000 inhabitants"
A,P_HTHAB,HBEDT,Available beds in hospitals (HP.1),TOTAL,Total,HU,2023,650.85,,,HU,,2023,hospital_beds_per_100k,"Hospital beds per 100,000 inhabitants"
A,P_HTHAB,HBEDT,Available beds in hospitals (HP.1),TOTAL,Total,IE,2015,277.92,b,,IE,,2015,hospital_beds_per_100k,"Hospital beds per 100,000 inhabitants"
A,P_HTHAB,HBEDT,Available beds in hospitals (HP.1),TOTAL,Total,IE,2016,284.23,,,IE,,2016,hospital_beds_per_100k,"Hospital beds per 100,000 inhabitants"
A,P_HTHAB,HBEDT,Available beds in hospitals (HP.1),TOTAL,Total,IE,2017,289.03,,,IE,,2017,hospital_beds_per_100k,"Hospital beds per 100,000 inhabitants"
A,P_HTHAB,HBEDT,Available beds in hospitals (HP.1),TOTAL,Total,IE,2018,293.0,,,IE,,2018,hospital_beds_per_100k,"Hospital beds per 100,000 inhabitants"
A,P_HTHAB,HBEDT,Available beds in hospitals (HP.1),TOTAL,Total,IE,2019,285.6,b,,IE,,2019,hospital_beds_per_100k,"Hospital beds per 100,000 inhabitants"
A,P_HTHAB,HBEDT,Available beds in hospitals (HP.1),TOTAL,Total,IE,2020,285.97,,,IE,,2020,hospital_beds_per_100k,"Hospital beds per 100,000 inhabitants"
A,P_HTHAB,HBEDT,Available beds in hospitals (HP.1),TOTAL,Total,IE,2021,285.04,,,IE,,2021,hospital_beds_per_100k,"Hospital beds per 100,000 inhabitants"
A,P_HTHAB,HBEDT,Available beds in hospitals (HP.1),TOTAL,Total,IE,2022,287.92,,,IE,,2022,hospital_beds_per_100k,"Hospital beds per 100,000 inhabitants"
A,P_HTHAB,HBEDT,Available beds in hospitals (HP.1),TOTAL,Total,IE,2023,289.41,,,IE,,2023,hospital_beds_per_100k,"Hospital beds per 100,000 inhabitants"
A,P_HTHAB,HBEDT,Available beds in hospitals (HP.1),TOTAL,Total,IS,2015,289.08,,,IS,,2015,hospital_beds_per_100k,"Hospital beds per 100,000 inhabitants"
A,P_HTHAB,HBEDT,Available beds in hospitals (HP.1),TOTAL,Total,IS,2016,294.41,,,IS,,2016,hospital_beds_per_100k,"Hospital beds per 100,000 inhabitants"
A,P_HTHAB,HBEDT,Available beds in hospitals (HP.1),TOTAL,Total,IS,2017,294.69,,,IS,,2017,hospital_beds_per_100k,"Hospital beds per 100,000 inhabitants"
A,P_HTHAB,HBEDT,Available beds in hospitals (HP.1),TOTAL,Total,IS,2018,284.04,,,IS,,2018,hospital_beds_per_100k,"Hospital beds per 100,000 inhabitants"
A,P_HTHAB,HBEDT,Available beds in hospitals (HP.1),TOTAL,Total,IS,2019,280.12,,,IS,,2019,hospital_beds_per_100k,"Hospital beds per 100,000 inhabitants"
A,P_HTHAB,HBEDT,Available beds in hospitals (HP.1),TOTAL,Total,IS,2020,284.07,,,IS,,2020,hospital_beds_per_100k,"Hospital beds per 100,000 inhabitants"
A,P_HTHAB,HBEDT,Available beds in hospitals (HP.1),TOTAL,Total,IS,2021,274.35,,,IS,,2021,hospital_beds_per_100k,"Hospital beds per 100,000 inhabitants"
A,P_HTHAB,HBEDT,Available beds in hospitals (HP.1),TOTAL,Total,IS,2022,263.87,,,IS,,2022,hospital_beds_per_100k,"Hospital beds per 100,000 inhabitants"
A,P_HTHAB,HBEDT,Available beds in hospitals (HP.1),TOTAL,Total,IS,2023,257.22,,,IS,,2023,hospital_beds_per_100k,"Hospital beds per 100,000 inhabitants"
A,P_HTHAB,HBEDT,Available beds in hospitals (HP.1),TOTAL,Total,IT,2015,324.43,,,IT,,2015,hospital_beds_per_100k,"Hospital beds per 100,000 inhabitants"
A,P_HTHAB,HBEDT,Available beds in hospitals (HP.1),TOTAL,Total,IT,2016,321.51,,,IT,,2016,hospital_beds_per_100k,"Hospital beds per 100,000 inhabitants"
A,P_HTHAB,HBEDT,Available beds in hospitals (HP.1),TOTAL,Total,IT,2017,321.9,,,IT,,2017,hospital_beds_per_100k,"Hospital beds per 100,000 inhabitants"
A,P_HTHAB,HBEDT,Available beds in hospitals (HP.1),TOTAL,Total,IT,2018,317.22,,,IT,,2018,hospital_beds_per_100k,"Hospital beds per 100,000 inhabitants"
A,P_HTHAB,HBEDT,Available beds in hospitals (HP.1),TOTAL,Total,IT,2019,316.28,,,IT,,2019,hospital_beds_per_100k,"Hospital beds per 100,000 inhabitants"
A,P_HTHAB,HBEDT,Available beds in hospitals (HP.1),TOTAL,Total,IT,2020,318.56,,,IT,,2020,hospital_beds_per_100k,"Hospital beds per 100,000 inhabitants"
A,P_HTHAB,HBEDT,Available beds in hospitals (HP.1),TOTAL,Total,IT,2021,312.39,,,IT,,2021,hospital_beds_per_100k,"Hospital beds per 100,000 inhabitants"
A,P_HTHAB,HBEDT,Available beds in hospitals (HP.1),TOTAL,Total,IT,2022,308.76,,,IT,,2022,hospital_beds_per_100k,"Hospital beds per 100,000 inhabitants"
A,P_HTHAB,HBEDT,Available beds in hospitals (HP.1),TOTAL,Total,IT,2023,304.1,,,IT,,2023,hospital_beds_per_100k,"Hospital beds per 100,000 inhabitants"
A,P_HTHAB,HBEDT,Available beds in hospitals (HP.1),TOTAL,Total,LI,2015,156.34,,,LI,,2015,hospital_beds_per_100k,"Hospital beds per 100,000 inhabitants"
A,P_HTHAB,HBEDT,Available beds in hospitals (HP.1),TOTAL,Total,LI,2016,156.34,,,LI,,2016,hospital_beds_per_100k,"Hospital beds per 100,000 inhabitants"
A,P_HTHAB,HBEDT,Available beds in hospitals (HP.1),TOTAL,Total,LI,2017,237.12,,,LI,,2017,hospital_beds_per_100k,"Hospital beds per 100,000 inhabitants"
A,P_HTHAB,HBEDT,Available beds in hospitals (HP.1),TOTAL,Total,LI,2018,101.62,,,LI,,2018,hospital_beds_per_100k,"Hospital beds per 100,000 inhabitants"
A,P_HTHAB,HBEDT,Available beds in hospitals (HP.1),TOTAL,Total,LI,2019,145.22,,,LI,,2019,hospital_beds_per_100k,"Hospital beds per 100,000 inhabitants"
A,P_HTHAB,HBEDT,Available beds in hospitals (HP.1),TOTAL,Total,LI,2020,228.79,,,LI,,2020,hospital_beds_per_100k,"Hospital beds per 100,000 inhabitants"
A,P_HTHAB,HBEDT,Available beds in hospitals (HP.1),TOTAL,Total,LI,2021,227.15,,,LI,,2021,hospital_beds_per_100k,"Hospital beds per 100,000 inhabitants"
A,P_HTHAB,HBEDT,Available beds in hospitals (HP.1),TOTAL,Total,LI,2022,225.36,,,LI,,2022,hospital_beds_per_100k,"Hospital beds per 100,000 inhabitants"
A,P_HTHAB,HBEDT,Available beds in hospitals (HP.1),TOTAL,Total,LI,2023,223.36,,,LI,,2023,hospital_beds_per_100k,"Hospital beds per 100,000 inhabitants"
A,P_HTHAB,HBEDT,Available beds in hospitals (HP.1),TOTAL,Total,LT,2015,719.58,,,LT,,2015,hospital_beds_per_100k,"Hospital beds per 100,000 inhabitants"
A,P_HTHAB,HBEDT,Available beds in hospitals (HP.1),TOTAL,Total,LT,2016,682.49,,,LT,,2016,hospital_beds_per_100k,"Hospital beds per 100,000 inhabitants"
A,P_HTHAB,HBEDT,Available beds in hospitals (HP.1),TOTAL,Total,LT,2017,659.55,,,LT,,2017,hospital_beds_per_100k,"Hospital beds per 100,000 inhabitants"
A,P_HTHAB,HBEDT,Available beds in hospitals (HP.1),TOTAL,Total,LT,2018,640.96,,,LT,,2018,hospital_beds_per_100k,"Hospital beds per 100,000 inhabitants"
A,P_HTHAB,HBEDT,Available beds in hospitals (HP.1),TOTAL,Total,LT,2019,630.82,,,LT,,2019,hospital_beds_per_100k,"Hospital beds per 100,000 inhabitants"
A,P_HTHAB,HBEDT,Available beds in hospitals (HP.1),TOTAL,Total,LT,2020,597.86,,,LT,,2020,hospital_beds_per_100k,"Hospital beds per 100,000 inhabitants"
A,P_HTHAB,HBEDT,Available beds in hospitals (HP.1),TOTAL,Total,LT,2021,603.8,,,LT,,2021,hospital_beds_per_100k,"Hospital beds per 100,000 inhabitants"
A,P_HTHAB,HBEDT,Available beds in hospitals (HP.1),TOTAL,Total,LT,2022,568.05,,,LT,,2022,hospital_beds_per_100k,"Hospital beds per 100,000 inhabitants"
A,P_HTHAB,HBEDT,Available beds in hospitals (HP.1),TOTAL,Total,LT,2023,548.37,,,LT,,2023,hospital_beds_per_100k,"Hospital beds per 100,000 inhabitants"
A,P_HTHAB,HBEDT,Available beds in hospitals (HP.1),TOTAL,Total,LU,2015,460.18,,,LU,,2015,hospital_beds_per_100k,"Hospital beds per 100,000 inhabitants"
A,P_HTHAB,HBEDT,Available beds in hospitals (HP.1),TOTAL,Total,LU,2016,456.76,,,LU,,2016,hospital_beds_per_100k,"Hospital beds per 100,000 inhabitants"
A,P_HTHAB,HBEDT,Available beds in hospitals (HP.1),TOTAL,Total,LU,2017,452.85,,,LU,,2017,hospital_beds_per_100k,"Hospital beds per 100,000 inhabitants"
A,P_HTHAB,HBEDT,Available beds in hospitals (HP.1),TOTAL,Total,LU,2018,446.33,,,LU,,2018,hospital_beds_per_100k,"Hospital beds per 100,000 inhabitants"
A,P_HTHAB,HBEDT,Available beds in hospitals (HP.1),TOTAL,Total,LU,2019,426.45,b,,LU,,2019,hospital_beds_per_100k,"Hospital beds per 100,000 inhabitants"
A,P_HTHAB,HBEDT,Available beds in hospitals (HP.1),TOTAL,Total,LU,2020,419.4,,,LU,,2020,hospital_beds_per_100k,"Hospital beds per 100,000 inhabitants"
A,P_HTHAB,HBEDT,Available beds in hospitals (HP.1),TOTAL,Total,LU,2021,414.33,,,LU,,2021,hospital_beds_per_100k,"Hospital beds per 100,000 inhabitants"
A,P_HTHAB,HBEDT,Available beds in hospitals (HP.1),TOTAL,Total,LU,2022,399.48,,,LU,,2022,hospital_beds_per_100k,"Hospital beds per 100,000 inhabitants"
A,P_HTHAB,HBEDT,Available beds in hospitals (HP.1),TOTAL,Total,LU,2023,393.89,,,LU,,2023,hospital_beds_per_100k,"Hospital beds per 100,000 inhabitants"
A,P_HTHAB,HBEDT,Available beds in hospitals (HP.1),TOTAL,Total,LV,2015,586.52,,,LV,,2015,hospital_beds_per_100k,"Hospital beds per 100,000 inhabitants"
A,P_HTHAB,HBEDT,Available beds in hospitals (HP.1),TOTAL,Total,LV,2016,583.76,,,LV,,2016,hospital_beds_per_100k,"Hospital beds per 100,000 inhabitants"
A,P_HTHAB,HBEDT,Available beds in hospitals (HP.1),TOTAL,Total,LV,2017,563.13,,,LV,,2017,hospital_beds_per_100k,"Hospital beds per 100,000 inhabitants"
A,P_HTHAB,HBEDT,Available beds in hospitals (HP.1),TOTAL,Total,LV,2018,551.42,,,LV,,2018,hospital_beds_per_100k,"Hospital beds per 100,000 inhabitants"
A,P_HTHAB,HBEDT,Available beds in hospitals (HP.1),TOTAL,Total,LV,2019,542.32,,,LV,,2019,hospital_beds_per_100k,"Hospital beds per 100,000 inhabitants"
A,P_HTHAB,HBEDT,Available beds in hospitals (HP.1),TOTAL,Total,LV,2020,528.56,,,LV,,2020,hospital_beds_per_100k,"Hospital beds per 100,000 inhabitants"
A,P_HTHAB,HBEDT,Available beds in hospitals (HP.1),TOTAL,Total,LV,2021,516.43,,,LV,,2021,hospital_beds_per_100k,"Hospital beds per 100,000 inhabitants"
A,P_HTHAB,HBEDT,Available beds in hospitals (HP.1),TOTAL,Total,LV,2022,502.88,,,LV,,2022,hospital_beds_per_100k,"Hospital beds per 100,000 inhabitants"
A,P_HTHAB,HBEDT,Available beds in hospitals (HP.1),TOTAL,Total,LV,2023,495.99,,,LV,,2023,hospital_beds_per_100k,"Hospital beds per 100,000 inhabitants"
A,P_HTHAB,HBEDT,Available beds in hospitals (HP.1),TOTAL,Total,MD,2015,715.63,,,MD,,2015,hospital_beds_per_100k,"Hospital beds per 100,000 inhabitants"
A,P_HTHAB,HBEDT,Available beds in hospitals (HP.1),TOTAL,Total,MD,2016,688.44,,,MD,,2016,hospital_beds_per_100k,"Hospital beds per 100,000 inhabitants"
A,P_HTHAB,HBEDT,Available beds in hospitals (HP.1),TOTAL,Total,MD,2017,673.79,,,MD,,2017,hospital_beds_per_100k,"Hospital beds per 100,000 inhabitants"
A,P_HTHAB,HBEDT,Available beds in hospitals (HP.1),TOTAL,Total,MD,2018,659.69,,,MD,,2018,hospital_beds_per_100k,"Hospital beds per 100,000 inhabitants"
A,P_HTHAB,HBEDT,Available beds in hospitals (HP.1),TOTAL,Total,MD,2019,666.44,,,MD,,2019,hospital_beds_per_100k,"Hospital beds per 100,000 inhabitants"
A,P_HTHAB,HBEDT,Available beds in hospitals (HP.1),TOTAL,Total,MD,2020,624.87,,,MD,,2020,hospital_beds_per_100k,"Hospital beds per 100,000 inhabitants"
A,P_HTHAB,HBEDT,Available beds in hospitals (HP.1),TOTAL,Total,MD,2021,659.05,,,MD,,2021,hospital_beds_per_100k,"Hospital beds per 100,000 inhabitants"
A,P_HTHAB,HBEDT,Available beds in hospitals (HP.1),TOTAL,Total,MD,2022,674.35,,,MD,,2022,hospital_beds_per_100k,"Hospital beds per 100,000 inhabitants"
A,P_HTHAB,HBEDT,Available beds in hospitals (HP.1),TOTAL,Total,MD,2023,686.54,,,MD,,2023,hospital_beds_per_100k,"Hospital beds per 100,000 inhabitants"
A,P_HTHAB,HBEDT,Available beds in hospitals (HP.1),TOTAL,Total,ME,2015,393.13,,,ME,,2015,hospital_beds_per_100k,"Hospital beds per 100,000 inhabitants"
A,P_HTHAB,HBEDT,Available beds in hospitals (HP.1),TOTAL,Total,ME,2016,393.13,,,ME,,2016,hospital_beds_per_100k,"Hospital beds per 100,000 inhabitants"
A,P_HTHAB,HBEDT,Available beds in hospitals (HP.1),TOTAL,Total,ME,2017,386.22,,,ME,,2017,hospital_beds_per_100k,"Hospital beds per 100,000 inhabitants"
A,P_HTHAB,HBEDT,Available beds in hospitals (HP.1),TOTAL,Total,ME,2018,391.36,,,ME,,2018,hospital_beds_per_100k,"Hospital beds per 100,000 inhabitants"
A,P_HTHAB,HBEDT,Available beds in hospitals (HP.1),TOTAL,Total,ME,2019,385.67,,,ME,,2019,hospital_beds_per_100k,"Hospital beds per 100,000 inhabitants"
A,P_HTHAB,HBEDT,Available beds in hospitals (HP.1),TOTAL,Total,ME,2020,385.8,,,ME,,2020,hospital_beds_per_100k,"Hospital beds per 100,000 inhabitants"
A,P_HTHAB,HBEDT,Available beds in hospitals (HP.1),TOTAL,Total,ME,2021,381.78,,,ME,,2021,hospital_beds_per_100k,"Hospital beds per 100,000 inhabitants"
A,P_HTHAB,HBEDT,Available beds in hospitals (HP.1),TOTAL,Total,ME,2022,380.92,,,ME,,2022,hospital_beds_per_100k,"Hospital beds per 100,000 inhabitants"
A,P_HTHAB,HBEDT,Available beds in hospitals (HP.1),TOTAL,Total,ME,2023,382.3,,,ME,,2023,hospital_beds_per_100k,"Hospital beds per 100,000 inhabitants"
A,P_HTHAB,HBEDT,Available beds in hospitals (HP.1),TOTAL,Total,MK,2015,438.79,,,MK,,2015,hospital_beds_per_100k,"Hospital beds per 100,000 inhabitants"
A,P_HTHAB,HBEDT,Available beds in hospitals (HP.1),TOTAL,Total,MK,2016,437.11,,,MK,,2016,hospital_beds_per_100k,"Hospital beds per 100,000 inhabitants"
A,P_HTHAB,HBEDT,Available beds in hospitals (HP.1),TOTAL,Total,MK,2017,428.01,,,MK,,2017,hospital_beds_per_100k,"Hospital beds per 100,000 inhabitants"
A,P_HTHAB,HBEDT,Available beds in hospitals (HP.1),TOTAL,Total,MK,2018,421.63,,,MK,,2018,hospital_beds_per_100k,"Hospital beds per 100,000 inhabitants"
A,P_HTHAB,HBEDT,Available beds in hospitals (HP.1),TOTAL,Total,MK,2019,426.3,,,MK,,2019,hospital_beds_per_100k,"Hospital beds per 100,000 inhabitants"
A,P_HTHAB,HBEDT,Available beds in hospitals (HP.1),TOTAL,Total,MK,2020,429.86,,,MK,,2020,hospital_beds_per_100k,"Hospital beds per 100,000 inhabitants"
A,P_HTHAB,HBEDT,Available beds in hospitals (HP.1),TOTAL,Total,MK,2021,449.01,,,MK,,2021,hospital_beds_per_100k,"Hospital beds per 100,000 inhabitants"
A,P_HTHAB,HBEDT,Available beds in hospitals (HP.1),TOTAL,Total,MT,2015,414.02,,,MT,,2015,hospital_beds_per_100k,"Hospital beds per 100,000 inhabitants"
A,P_HTHAB,HBEDT,Available beds in hospitals (HP.1),TOTAL,Total,MT,2016,431.47,,,MT,,2016,hospital_beds_per_100k,"Hospital beds per 100,000 inhabitants"
A,P_HTHAB,HBEDT,Available beds in hospitals (HP.1),TOTAL,Total,MT,2017,425.79,,,MT,,2017,hospital_beds_per_100k,"Hospital beds per 100,000 inhabitants"
A,P_HTHAB,HBEDT,Available beds in hospitals (HP.1),TOTAL,Total,MT,2018,423.56,,,MT,,2018,hospital_beds_per_100k,"Hospital beds per 100,000 inhabitants"
A,P_HTHAB,HBEDT,Available beds in hospitals (HP.1),TOTAL,Total,MT,2019,410.39,,,MT,,2019,hospital_beds_per_100k,"Hospital beds per 100,000 inhabitants"
A,P_HTHAB,HBEDT,Available beds in hospitals (HP.1),TOTAL,Total,MT,2020,438.22,,,MT,,2020,hospital_beds_per_100k,"Hospital beds per 100,000 inhabitants"
A,P_HTHAB,HBEDT,Available beds in hospitals (HP.1),TOTAL,Total,MT,2021,414.75,,,MT,,2021,hospital_beds_per_100k,"Hospital beds per 100,000 inhabitants"
A,P_HTHAB,HBEDT,Available beds in hospitals (HP.1),TOTAL,Total,MT,2022,406.32,,,MT,,2022,hospital_beds_per_100k,"Hospital beds per 100,000 inhabitants"
A,P_HTHAB,HBEDT,Available beds in hospitals (HP.1),TOTAL,Total,MT,2023,397.29,,,MT,,2023,hospital_beds_per_100k,"Hospital beds per 100,000 inhabitants"
A,P_HTHAB,HBEDT,Available beds in hospitals (HP.1),TOTAL,Total,NL,2015,342.07,b,,NL,,2015,hospital_beds_per_100k,"Hospital beds per 100,000 inhabitants"
A,P_HTHAB,HBEDT,Available beds in hospitals (HP.1),TOTAL,Total,NL,2016,336.13,,,NL,,2016,hospital_beds_per_100k,"Hospital beds per 100,000 inhabitants"
A,P_HTHAB,HBEDT,Available beds in hospitals (HP.1),TOTAL,Total,NL,2017,324.82,,,NL,,2017,hospital_beds_per_100k,"Hospital beds per 100,000 inhabitants"
A,P_HTHAB,HBEDT,Available beds in hospitals (HP.1),TOTAL,Total,NL,2018,317.5,,,NL,,2018,hospital_beds_per_100k,"Hospital beds per 100,000 inhabitants"
A,P_HTHAB,HBEDT,Available beds in hospitals (HP.1),TOTAL,Total,NL,2019,302.1,,,NL,,2019,hospital_beds_per_100k,"Hospital beds per 100,000 inhabitants"
A,P_HTHAB,HBEDT,Available beds in hospitals (HP.1),TOTAL,Total,NL,2020,291.13,,,NL,,2020,hospital_beds_per_100k,"Hospital beds per 100,000 inhabitants"
A,P_HTHAB,HBEDT,Available beds in hospitals (HP.1),TOTAL,Total,NL,2021,295.23,b,,NL,,2021,hospital_beds_per_100k,"Hospital beds per 100,000 inhabitants"
A,P_HTHAB,HBEDT,Available beds in hospitals (HP.1),TOTAL,Total,NL,2022,244.93,b,,NL,,2022,hospital_beds_per_100k,"Hospital beds per 100,000 inhabitants"
A,P_HTHAB,HBEDT,Available beds in hospitals (HP.1),TOTAL,Total,NL,2023,231.08,,,NL,,2023,hospital_beds_per_100k,"Hospital beds per 100,000 inhabitants"
A,P_HTHAB,HBEDT,Available beds in hospitals (HP.1),TOTAL,Total,NO,2015,366.09,,,NO,,2015,hospital_beds_per_100k,"Hospital beds per 100,000 inhabitants"
A,P_HTHAB,HBEDT,Available beds in hospitals (HP.1),TOTAL,Total,NO,2016,362.09,,,NO,,2016,hospital_beds_per_100k,"Hospital beds per 100,000 inhabitants"
A,P_HTHAB,HBEDT,Available beds in hospitals (HP.1),TOTAL,Total,NO,2017,356.65,,,NO,,2017,hospital_beds_per_100k,"Hospital beds per 100,000 inhabitants"
A,P_HTHAB,HBEDT,Available beds in hospitals (HP.1),TOTAL,Total,NO,2018,351.28,,,NO,,2018,hospital_beds_per_100k,"Hospital beds per 100,000 inhabitants"
A,P_HTHAB,HBEDT,Available beds in hospitals (HP.1),TOTAL,Total,NO,2019,348.16,,,NO,,2019,hospital_beds_per_100k,"Hospital beds per 100,000 inhabitants"
A,P_HTHAB,HBEDT,Available beds in hospitals (HP.1),TOTAL,Total,NO,2020,340.16,,,NO,,2020,hospital_beds_per_100k,"Hospital beds per 100,000 inhabitants"
A,P_HTHAB,HBEDT,Available beds in hospitals (HP.1),TOTAL,Total,NO,2021,339.98,,,NO,,2021,hospital_beds_per_100k,"Hospital beds per 100,000 inhabitants"
A,P_HTHAB,HBEDT,Available beds in hospitals (HP.1),TOTAL,Total,NO,2022,334.83,,,NO,,2022,hospital_beds_per_100k,"Hospital beds per 100,000 inhabitants"
A,P_HTHAB,HBEDT,Available beds in hospitals (HP.1),TOTAL,Total,NO,2023,329.9,,,NO,,2023,hospital_beds_per_100k,"Hospital beds per 100,000 inhabitants"
A,P_HTHAB,HBEDT,Available beds in hospitals (HP.1),TOTAL,Total,PL,2015,663.71,,,PL,,2015,hospital_beds_per_100k,"Hospital beds per 100,000 inhabitants"
A,P_HTHAB,HBEDT,Available beds in hospitals (HP.1),TOTAL,Total,PL,2016,663.99,,,PL,,2016,hospital_beds_per_100k,"Hospital beds per 100,000 inhabitants"
A,P_HTHAB,HBEDT,Available beds in hospitals (HP.1),TOTAL,Total,PL,2017,662.41,,,PL,,2017,hospital_beds_per_100k,"Hospital beds per 100,000 inhabitants"
A,P_HTHAB,HBEDT,Available beds in hospitals (HP.1),TOTAL,Total,PL,2018,653.73,,,PL,,2018,hospital_beds_per_100k,"Hospital beds per 100,000 inhabitants"
A,P_HTHAB,HBEDT,Available beds in hospitals (HP.1),TOTAL,Total,PL,2019,617.45,b,,PL,,2019,hospital_beds_per_100k,"Hospital beds per 100,000 inhabitants"
A,P_HTHAB,HBEDT,Available beds in hospitals (HP.1),TOTAL,Total,PL,2020,625.38,,,PL,,2020,hospital_beds_per_100k,"Hospital beds per 100,000 inhabitants"
A,P_HTHAB,HBEDT,Available beds in hospitals (HP.1),TOTAL,Total,PL,2021,640.17,,,PL,,2021,hospital_beds_per_100k,"Hospital beds per 100,000 inhabitants"
A,P_HTHAB,HBEDT,Available beds in hospitals (HP.1),TOTAL,Total,PL,2022,629.49,,,PL,,2022,hospital_beds_per_100k,"Hospital beds per 100,000 inhabitants"
A,P_HTHAB,HBEDT,Available beds in hospitals (HP.1),TOTAL,Total,PL,2023,627.1,,,PL,,2023,hospital_beds_per_100k,"Hospital beds per 100,000 inhabitants"
A,P_HTHAB,HBEDT,Available beds in hospitals (HP.1),TOTAL,Total,PT,2015,337.64,,,PT,,2015,hospital_beds_per_100k,"Hospital beds per 100,000 inhabitants"
A,P_HTHAB,HBEDT,Available beds in hospitals (HP.1),TOTAL,Total,PT,2016,339.06,,,PT,,2016,hospital_beds_per_100k,"Hospital beds per 100,000 inhabitants"
A,P_HTHAB,HBEDT,Available beds in hospitals (HP.1),TOTAL,Total,PT,2017,338.25,,,PT,,2017,hospital_beds_per_100k,"Hospital beds per 100,000 inhabitants"
A,P_HTHAB,HBEDT,Available beds in hospitals (HP.1),TOTAL,Total,PT,2018,342.66,,,PT,,2018,hospital_beds_per_100k,"Hospital beds per 100,000 inhabitants"
A,P_HTHAB,HBEDT,Available beds in hospitals (HP.1),TOTAL,Total,PT,2019,348.57,,,PT,,2019,hospital_beds_per_100k,"Hospital beds per 100,000 inhabitants"
A,P_HTHAB,HBEDT,Available beds in hospitals (HP.1),TOTAL,Total,PT,2020,346.84,,,PT,,2020,hospital_beds_per_100k,"Hospital beds per 100,000 inhabitants"
A,P_HTHAB,HBEDT,Available beds in hospitals (HP.1),TOTAL,Total,PT,2021,348.74,,,PT,,2021,hospital_beds_per_100k,"Hospital beds per 100,000 inhabitants"
A,P_HTHAB,HBEDT,Available beds in hospitals (HP.1),TOTAL,Total,PT,2022,343.15,,,PT,,2022,hospital_beds_per_100k,"Hospital beds per 100,000 inhabitants"
A,P_HTHAB,HBEDT,Available beds in hospitals (HP.1),TOTAL,Total,PT,2023,338.0,p,,PT,,2023,hospital_beds_per_100k,"Hospital beds per 100,000 inhabitants"
A,P_HTHAB,HBEDT,Available beds in hospitals (HP.1),TOTAL,Total,RO,2015,693.15,,,RO,,2015,hospital_beds_per_100k,"Hospital beds per 100,000 inhabitants"
A,P_HTHAB,HBEDT,Available beds in hospitals (HP.1),TOTAL,Total,RO,2016,694.14,,,RO,,2016,hospital_beds_per_100k,"Hospital beds per 100,000 inhabitants"
A,P_HTHAB,HBEDT,Available beds in hospitals (HP.1),TOTAL,Total,RO,2017,695.35,,,RO,,2017,hospital_beds_per_100k,"Hospital beds per 100,000 inhabitants"
A,P_HTHAB,HBEDT,Available beds in hospitals (HP.1),TOTAL,Total,RO,2018,698.92,,,RO,,2018,hospital_beds_per_100k,"Hospital beds per 100,000 inhabitants"
A,P_HTHAB,HBEDT,Available beds in hospitals (HP.1),TOTAL,Total,RO,2019,705.75,,,RO,,2019,hospital_beds_per_100k,"Hospital beds per 100,000 inhabitants"
A,P_HTHAB,HBEDT,Available beds in hospitals (HP.1),TOTAL,Total,RO,2020,712.12,,,RO,,2020,hospital_beds_per_100k,"Hospital beds per 100,000 inhabitants"
A,P_HTHAB,HBEDT,Available beds in hospitals (HP.1),TOTAL,Total,RO,2021,720.56,,,RO,,2021,hospital_beds_per_100k,"Hospital beds per 100,000 inhabitants"
A,P_HTHAB,HBEDT,Available beds in hospitals (HP.1),TOTAL,Total,RO,2022,727.71,,,RO,,2022,hospital_beds_per_100k,"Hospital beds per 100,000 inhabitants"
A,P_HTHAB,HBEDT,Available beds in hospitals (HP.1),TOTAL,Total,RO,2023,728.43,,,RO,,2023,hospital_beds_per_100k,"Hospital beds per 100,000 inhabitants"
A,P_HTHAB,HBEDT,Available beds in hospitals (HP.1),TOTAL,Total,RS,2015,568.57,d,,RS,,2015,hospital_beds_per_100k,"Hospital beds per 100,000 inhabitants"
A,P_HTHAB,HBEDT,Available beds in hospitals (HP.1),TOTAL,Total,RS,2016,566.62,d,,RS,,2016,hospital_beds_per_100k,"Hospital beds per 100,000 inhabitants"
A,P_HTHAB,HBEDT,Available beds in hospitals (HP.1),TOTAL,Total,RS,2017,565.46,d,,RS,,2017,hospital_beds_per_100k,"Hospital beds per 100,000 inhabitants"
A,P_HTHAB,HBEDT,Available beds in hospitals (HP.1),TOTAL,Total,RS,2018,565.77,d,,RS,,2018,hospital_beds_per_100k,"Hospital beds per 100,000 inhabitants"
A,P_HTHAB,HBEDT,Available beds in hospitals (HP.1),TOTAL,Total,RS,2019,568.97,d,,RS,,2019,hospital_beds_per_100k,"Hospital beds per 100,000 inhabitants"
A,P_HTHAB,HBEDT,Available beds in hospitals (HP.1),TOTAL,Total,RS,2020,570.17,d,,RS,,2020,hospital_beds_per_100k,"Hospital beds per 100,000 inhabitants"
A,P_HTHAB,HBEDT,Available beds in hospitals (HP.1),TOTAL,Total,RS,2021,576.57,d,,RS,,2021,hospital_beds_per_100k,"Hospital beds per 100,000 inhabitants"
A,P_HTHAB,HBEDT,Available beds in hospitals (HP.1),TOTAL,Total,RS,2022,584.02,d,,RS,,2022,hospital_beds_per_100k,"Hospital beds per 100,000 inhabitants"
A,P_HTHAB,HBEDT,Available beds in hospitals (HP.1),TOTAL,Total,RS,2023,602.47,d,,RS,,2023,hospital_beds_per_100k,"Hospital beds per 100,000 inhabitants"
A,P_HTHAB,HBEDT,Available beds in hospitals (HP.1),TOTAL,Total,SE,2015,233.67,,,SE,,2015,hospital_beds_per_100k,"Hospital beds per 100,000 inhabitants"
A,P_HTHAB,HBEDT,Available beds in hospitals (HP.1),TOTAL,Total,SE,2016,226.87,,,SE,,2016,hospital_beds_per_100k,"Hospital beds per 100,000 inhabitants"
A,P_HTHAB,HBEDT,Available beds in hospitals (HP.1),TOTAL,Total,SE,2017,217.46,,,SE,,2017,hospital_beds_per_100k,"Hospital beds per 100,000 inhabitants"
A,P_HTHAB,HBEDT,Available beds in hospitals (HP.1),TOTAL,Total,SE,2018,212.18,,,SE,,2018,hospital_beds_per_100k,"Hospital beds per 100,000 inhabitants"
A,P_HTHAB,HBEDT,Available beds in hospitals (HP.1),TOTAL,Total,SE,2019,207.03,,,SE,,2019,hospital_beds_per_100k,"Hospital beds per 100,000 inhabitants"
A,P_HTHAB,HBEDT,Available beds in hospitals (HP.1),TOTAL,Total,SE,2020,204.61,,,SE,,2020,hospital_beds_per_100k,"Hospital beds per 100,000 inhabitants"
A,P_HTHAB,HBEDT,Available beds in hospitals (HP.1),TOTAL,Total,SE,2021,200.23,,,SE,,2021,hospital_beds_per_100k,"Hospital beds per 100,000 inhabitants"
A,P_HTHAB,HBEDT,Available beds in hospitals (HP.1),TOTAL,Total,SE,2022,189.96,,,SE,,2022,hospital_beds_per_100k,"Hospital beds per 100,000 inhabitants"
A,P_HTHAB,HBEDT,Available beds in hospitals (HP.1),TOTAL,Total,SE,2023,187.41,,,SE,,2023,hospital_beds_per_100k,"Hospital beds per 100,000 inhabitants"
A,P_HTHAB,HBEDT,Available beds in hospitals (HP.1),TOTAL,Total,SI,2015,447.64,,,SI,,2015,hospital_beds_per_100k,"Hospital beds per 100,000 inhabitants"
A,P_HTHAB,HBEDT,Available beds in hospitals (HP.1),TOTAL,Total,SI,2016,445.29,,,SI,,2016,hospital_beds_per_100k,"Hospital beds per 100,000 inhabitants"
A,P_HTHAB,HBEDT,Available beds in hospitals (HP.1),TOTAL,Total,SI,2017,446.63,,,SI,,2017,hospital_beds_per_100k,"Hospital beds per 100,000 inhabitants"
A,P_HTHAB,HBEDT,Available beds in hospitals (HP.1),TOTAL,Total,SI,2018,441.3,,,SI,,2018,hospital_beds_per_100k,"Hospital beds per 100,000 inhabitants"
A,P_HTHAB,HBEDT,Available beds in hospitals (HP.1),TOTAL,Total,SI,2019,443.21,,,SI,,2019,hospital_beds_per_100k,"Hospital beds per 100,000 inhabitants"
A,P_HTHAB,HBEDT,Available beds in hospitals (HP.1),TOTAL,Total,SI,2020,427.79,,,SI,,2020,hospital_beds_per_100k,"Hospital beds per 100,000 inhabitants"
A,P_HTHAB,HBEDT,Available beds in hospitals (HP.1),TOTAL,Total,SI,2021,424.94,,,SI,,2021,hospital_beds_per_100k,"Hospital beds per 100,000 inhabitants"
A,P_HTHAB,HBEDT,Available beds in hospitals (HP.1),TOTAL,Total,SI,2022,412.11,,,SI,,2022,hospital_beds_per_100k,"Hospital beds per 100,000 inhabitants"
A,P_HTHAB,HBEDT,Available beds in hospitals (HP.1),TOTAL,Total,SI,2023,404.77,,,SI,,2023,hospital_beds_per_100k,"Hospital beds per 100,000 inhabitants"
A,P_HTHAB,HBEDT,Available beds in hospitals (HP.1),TOTAL,Total,SK,2015,571.92,,,SK,,2015,hospital_beds_per_100k,"Hospital beds per 100,000 inhabitants"
A,P_HTHAB,HBEDT,Available beds in hospitals (HP.1),TOTAL,Total,SK,2016,576.32,,,SK,,2016,hospital_beds_per_100k,"Hospital beds per 100,000 inhabitants"
A,P_HTHAB,HBEDT,Available beds in hospitals (HP.1),TOTAL,Total,SK,2017,580.85,,,SK,,2017,hospital_beds_per_100k,"Hospital beds per 100,000 inhabitants"
A,P_HTHAB,HBEDT,Available beds in hospitals (HP.1),TOTAL,Total,SK,2018,569.24,b,,SK,,2018,hospital_beds_per_100k,"Hospital beds per 100,000 inhabitants"
A,P_HTHAB,HBEDT,Available beds in hospitals (HP.1),TOTAL,Total,SK,2019,576.11,,,SK,,2019,hospital_beds_per_100k,"Hospital beds per 100,000 inhabitants"
A,P_HTHAB,HBEDT,Available beds in hospitals (HP.1),TOTAL,Total,SK,2020,568.18,,,SK,,2020,hospital_beds_per_100k,"Hospital beds per 100,000 inhabitants"
A,P_HTHAB,HBEDT,Available beds in hospitals (HP.1),TOTAL,Total,SK,2021,567.46,,,SK,,2021,hospital_beds_per_100k,"Hospital beds per 100,000 inhabitants"
A,P_HTHAB,HBEDT,Available beds in hospitals (HP.1),TOTAL,Total,SK,2022,569.13,,,SK,,2022,hospital_beds_per_100k,"Hospital beds per 100,000 inhabitants"
A,P_HTHAB,HBEDT,Available beds in hospitals (HP.1),TOTAL,Total,SK,2023,566.05,,,SK,,2023,hospital_beds_per_100k,"Hospital beds per 100,000 inhabitants"
A,P_HTHAB,HBEDT,Available beds in hospitals (HP.1),TOTAL,Total,TR,2015,255.66,,,TR,,2015,hospital_beds_per_100k,"Hospital beds per 100,000 inhabitants"
A,P_HTHAB,HBEDT,Available beds in hospitals (HP.1),TOTAL,Total,TR,2016,265.56,,,TR,,2016,hospital_beds_per_100k,"Hospital beds per 100,000 inhabitants"
A,P_HTHAB,HBEDT,Available beds in hospitals (HP.1),TOTAL,Total,TR,2017,275.43,,,TR,,2017,hospital_beds_per_100k,"Hospital beds per 100,000 inhabitants"
A,P_HTHAB,HBEDT,Available beds in hospitals (HP.1),TOTAL,Total,TR,2018,282.81,,,TR,,2018,hospital_beds_per_100k,"Hospital beds per 100,000 inhabitants"
A,P_HTHAB,HBEDT,Available beds in hospitals (HP.1),TOTAL,Total,TR,2019,287.61,,,TR,,2019,hospital_beds_per_100k,"Hospital beds per 100,000 inhabitants"
A,P_HTHAB,HBEDT,Available beds in hospitals (HP.1),TOTAL,Total,TR,2020,301.23,,,TR,,2020,hospital_beds_per_100k,"Hospital beds per 100,000 inhabitants"
A,P_HTHAB,HBEDT,Available beds in hospitals (HP.1),TOTAL,Total,TR,2021,302.44,,,TR,,2021,hospital_beds_per_100k,"Hospital beds per 100,000 inhabitants"
A,P_HTHAB,HBEDT,Available beds in hospitals (HP.1),TOTAL,Total,TR,2022,308.53,,,TR,,2022,hospital_beds_per_100k,"Hospital beds per 100,000 inhabitants"
A,P_HTHAB,HBEDT,Available beds in hospitals (HP.1),TOTAL,Total,TR,2023,312.44,,,TR,,2023,hospital_beds_per_100k,"Hospital beds per 100,000 inhabitants"
