freq,unit,inet_tec,Internet technologies,terrtypo,Territorial typology,location_code,time_period,obs_value,obs_flag,conf_status,country_code,country_name,year,indicator,indicator_desc
A,PC_HH,VHCN_FX,Fixed very high capacity networks (VHCN),TOTAL,Total,AT,2019,13.8,,,AT,,2019,internet_vhcn_pct,High-speed internet coverage (VHCN) % households
A,PC_HH,VHCN_FX,Fixed very high capacity networks (VHCN),TOTAL,Total,AT,2020,39.3,,,AT,,2020,internet_vhcn_pct,High-speed internet coverage (VHCN) % households
A,PC_HH,VHCN_FX,Fixed very high capacity networks (VHCN),TOTAL,Total,AT,2021,45.4,,,AT,,2021,internet_vhcn_pct,High-speed internet coverage (VHCN) % households
A,PC_HH,VHCN_FX,Fixed very high capacity networks (VHCN),TOTAL,Total,AT,2022,54.8,,,AT,,2022,internet_vhcn_pct,High-speed internet coverage (VHCN) % households
A,PC_HH,VHCN_FX,Fixed very high capacity networks (VHCN),TOTAL,Total,AT,2023,67.6,,,AT,,2023,internet_vhcn_pct,High-speed internet coverage (VHCN) % households
A,PC_HH,VHCN_FX,Fixed very high capacity networks (VHCN),TOTAL,Total,BE,2019,66.5,,,BE,,2019,internet_vhcn_pct,High-speed internet coverage (VHCN) % households
A,PC_HH,VHCN_FX,Fixed very high capacity networks (VHCN),TOTAL,Total,BE,2020,67.5,,,BE,,2020,internet_vhcn_pct,High-speed internet coverage (VHCN) % households
A,PC_HH,VHCN_FX,Fixed very high capacity networks (VHCN),TOTAL,Total,BE,2021,68.9,,,BE,,2021,internet_vhcn_pct,High-speed internet coverage (VHCN) % households
A,PC_HH,VHCN_FX,Fixed very high capacity networks (VHCN),TOTAL,Total,BE,2022,78.3,,,BE,,2022,internet_vhcn_pct,High-speed internet coverage (VHCN) % households
A,PC_HH,VHCN_FX,Fixed very high capacity networks (VHCN),TOTAL,Total,BE,2023,91.2,,,BE,,2023,internet_vhcn_pct,High-speed internet coverage (VHCN) % households
A,PC_HH,VHCN_FX,Fixed very high capacity networks (VHCN),TOTAL,Total,BG,2019,65.2,,,BG,,2019,internet_vhcn_pct,High-speed internet coverage (VHCN) % households
A,PC_HH,VHCN_FX,Fixed very high capacity networks (VHCN),TOTAL,Total,BG,2020,75.2,,,BG,,2020,internet_vhcn_pct,High-speed internet coverage (VHCN) % households
A,PC_HH,VHCN_FX,Fixed very high capacity networks (VHCN),TOTAL,Total,BG,2021,81.4,,,BG,,2021,internet_vhcn_pct,High-speed internet coverage (VHCN) % households
A,PC_HH,VHCN_FX,Fixed very high capacity networks (VHCN),TOTAL,Total,BG,2022,85.6,,,BG,,2022,internet_vhcn_pct,High-speed internet coverage (VHCN) % households
A,PC_HH,VHCN_FX,Fixed very high capacity networks (VHCN),TOTAL,Total,BG,2023,88.6,,,BG,,2023,internet_vhcn_pct,High-speed internet coverage (VHCN) % households
A,PC_HH,VHCN_FX,Fixed very high capacity networks (VHCN),TOTAL,Total,CH,2019,79.4,,,CH,,2019,internet_vhcn_pct,High-speed internet coverage (VHCN) % households
A,PC_HH,VHCN_FX,Fixed very high capacity networks (VHCN),TOTAL,Total,CH,2020,85.9,,,CH,,2020,internet_vhcn_pct,High-speed internet coverage (VHCN) % households
A,PC_HH,VHCN_FX,Fixed very high capacity networks (VHCN),TOTAL,Total,CH,2021,86.6,,,CH,,2021,internet_vhcn_pct,High-speed internet coverage (VHCN) % households
A,PC_HH,VHCN_FX,Fixed very high capacity networks (VHCN),TOTAL,Total,CH,2022,86.8,,,CH,,2022,internet_vhcn_pct,High-speed internet coverage (VHCN) % households
A,PC_HH,VHCN_FX,Fixed very high capacity networks (VHCN),TOTAL,Total,CH,2023,89.3,,,CH,,2023,internet_vhcn_pct,High-speed internet coverage (VHCN) % households
A,PC_HH,VHCN_FX,Fixed very high capacity networks (VHCN),TOTAL,Total,CY,2019,10.1,,,CY,,2019,internet_vhcn_pct,High-speed internet coverage (VHCN) % households
A,PC_HH,VHCN_FX,Fixed very high capacity networks (VHCN),TOTAL,Total,CY,2020,26.2,,,CY,,2020,internet_vhcn_pct,High-speed internet coverage (VHCN) % households
A,PC_HH,VHCN_FX,Fixed very high capacity networks (VHCN),TOTAL,Total,CY,2021,41.4,,,CY,,2021,internet_vhcn_pct,High-speed internet coverage (VHCN) % households
A,PC_HH,VHCN_FX,Fixed very high capacity networks (VHCN),TOTAL,Total,CY,2022,60.0,,,CY,,2022,internet_vhcn_pct,High-speed internet coverage (VHCN) % households
A,PC_HH,VHCN_FX,Fixed very high capacity networks (VHCN),TOTAL,Total,CY,2023,77.1,,,CY,,2023,internet_vhcn_pct,High-speed internet coverage (VHCN) % households
A,PC_HH,VHCN_FX,Fixed very high capacity networks (VHCN),TOTAL,Total,CZ,2019,29.3,,,CZ,,2019,internet_vhcn_pct,High-speed internet coverage (VHCN) % households
A,PC_HH,VHCN_FX,Fixed very high capacity networks (VHCN),TOTAL,Total,CZ,2020,33.3,,,CZ,,2020,internet_vhcn_pct,High-speed internet coverage (VHCN) % households
A,PC_HH,VHCN_FX,Fixed very high capacity networks (VHCN),TOTAL,Total,CZ,2021,52.5,,,CZ,,2021,internet_vhcn_pct,High-speed internet coverage (VHCN) % households
A,PC_HH,VHCN_FX,Fixed very high capacity networks (VHCN),TOTAL,Total,CZ,2022,53.2,,,CZ,,2022,internet_vhcn_pct,High-speed internet coverage (VHCN) % households
A,PC_HH,VHCN_FX,Fixed very high capacity networks (VHCN),TOTAL,Total,CZ,2023,50.5,,,CZ,,2023,internet_vhcn_pct,High-speed internet coverage (VHCN) % households
A,PC_HH,VHCN_FX,Fixed very high capacity networks (VHCN),TOTAL,Total,DE,2019,34.4,,,DE,,2019,internet_vhcn_pct,High-speed internet coverage (VHCN) % households
A,PC_HH,VHCN_FX,Fixed very high capacity networks (VHCN),TOTAL,Total,DE,2020,55.9,,,DE,,2020,internet_vhcn_pct,High-speed internet coverage (VHCN) % households
A,PC_HH,VHCN_FX,Fixed very high capacity networks (VHCN),TOTAL,Total,DE,2021,74.9,,,DE,,2021,internet_vhcn_pct,High-speed internet coverage (VHCN) % households
A,PC_HH,VHCN_FX,Fixed very high capacity networks (VHCN),TOTAL,Total,DE,2022,70.1,,,DE,,2022,internet_vhcn_pct,High-speed internet coverage (VHCN) % households
A,PC_HH,VHCN_FX,Fixed very high capacity networks (VHCN),TOTAL,Total,DE,2023,74.7,,,DE,,2023,internet_vhcn_pct,High-speed internet coverage (VHCN) % households
A,PC_HH,VHCN_FX,Fixed very high capacity networks (VHCN),TOTAL,Total,DK,2019,93.0,,,DK,,2019,internet_vhcn_pct,High-speed internet coverage (VHCN) % households
A,PC_HH,VHCN_FX,Fixed very high capacity networks (VHCN),TOTAL,Total,DK,2020,93.8,,,DK,,2020,internet_vhcn_pct,High-speed internet coverage (VHCN) % households
A,PC_HH,VHCN_FX,Fixed very high capacity networks (VHCN),TOTAL,Total,DK,2021,94.9,,,DK,,2021,internet_vhcn_pct,High-speed internet coverage (VHCN) % households
A,PC_HH,VHCN_FX,Fixed very high capacity networks (VHCN),TOTAL,Total,DK,2022,96.3,,,DK,,2022,internet_vhcn_pct,High-speed internet coverage (VHCN) % households
A,PC_HH,VHCN_FX,Fixed very high capacity networks (VHCN),TOTAL,Total,DK,2023,97.2,,,DK,,2023,internet_vhcn_pct,High-speed internet coverage (VHCN) % households
A,PC_HH,VHCN_FX,Fixed very high capacity networks (VHCN),TOTAL,Total,EE,2019,57.4,,,EE,,2019,internet_vhcn_pct,High-speed internet coverage (VHCN) % households
A,PC_HH,VHCN_FX,Fixed very high capacity networks (VHCN),TOTAL,Total,EE,2020,70.9,,,EE,,2020,internet_vhcn_pct,High-speed internet coverage (VHCN) % households
A,PC_HH,VHCN_FX,Fixed very high capacity networks (VHCN),TOTAL,Total,EE,2021,73.4,,,EE,,2021,internet_vhcn_pct,High-speed internet coverage (VHCN) % households
A,PC_HH,VHCN_FX,Fixed very high capacity networks (VHCN),TOTAL,Total,EE,2022,76.3,,,EE,,2022,internet_vhcn_pct,High-speed internet coverage (VHCN) % households
A,PC_HH,VHCN_FX,Fixed very high capacity networks (VHCN),TOTAL,Total,EE,2023,76.9,,,EE,,2023,internet_vhcn_pct,High-speed internet coverage (VHCN) % households
A,PC_HH,VHCN_FX,Fixed very high capacity networks (VHCN),TOTAL,Total,EL,2019,7.1,,,EL,,2019,internet_vhcn_pct,High-speed internet coverage (VHCN) % households
A,PC_HH,VHCN_FX,Fixed very high capacity networks (VHCN),TOTAL,Total,EL,2020,10.2,,,EL,,2020,internet_vhcn_pct,High-speed internet coverage (VHCN) % households
A,PC_HH,VHCN_FX,Fixed very high capacity networks (VHCN),TOTAL,Total,EL,2021,19.8,,,EL,,2021,internet_vhcn_pct,High-speed internet coverage (VHCN) % households
A,PC_HH,VHCN_FX,Fixed very high capacity networks (VHCN),TOTAL,Total,EL,2022,27.8,,,EL,,2022,internet_vhcn_pct,High-speed internet coverage (VHCN) % households
A,PC_HH,VHCN_FX,Fixed very high capacity networks (VHCN),TOTAL,Total,EL,2023,38.4,,,EL,,2023,internet_vhcn_pct,High-speed internet coverage (VHCN) % households
A,PC_HH,VHCN_FX,Fixed very high capacity networks (VHCN),TOTAL,Total,ES,2019,89.0,,,ES,,2019,internet_vhcn_pct,High-speed internet coverage (VHCN) % households
A,PC_HH,VHCN_FX,Fixed very high capacity networks (VHCN),TOTAL,Total,ES,2020,91.7,,,ES,,2020,internet_vhcn_pct,High-speed internet coverage (VHCN) % households
A,PC_HH,VHCN_FX,Fixed very high capacity networks (VHCN),TOTAL,Total,ES,2021,93.8,,,ES,,2021,internet_vhcn_pct,High-speed internet coverage (VHCN) % households
A,PC_HH,VHCN_FX,Fixed very high capacity networks (VHCN),TOTAL,Total,ES,2022,93.3,,,ES,,2022,internet_vhcn_pct,High-speed internet coverage (VHCN) % households
A,PC_HH,VHCN_FX,Fixed very high capacity networks (VHCN),TOTAL,Total,ES,2023,96.3,,,ES,,2023,internet_vhcn_pct,High-speed internet coverage (VHCN) % households
A,PC_HH,VHCN_FX,Fixed very high capacity networks (VHCN),TOTAL,Total,EU27_2020,2019,50.3,,,EU27_2020,,2019,internet_vhcn_pct,High-speed internet coverage (VHCN) % households
A,PC_HH,VHCN_FX,Fixed very high capacity networks (VHCN),TOTAL,Total,EU27_2020,2020,59.5,,,EU27_2020,,2020,internet_vhcn_pct,High-speed internet coverage (VHCN) % households
A,PC_HH,VHCN_FX,Fixed very high capacity networks (VHCN),TOTAL,Total,EU27_2020,2021,69.7,,,EU27_2020,,2021,internet_vhcn_pct,High-speed internet coverage (VHCN) % households
A,PC_HH,VHCN_FX,Fixed very high capacity networks (VHCN),TOTAL,Total,EU27_2020,2022,73.2,,,EU27_2020,,2022,internet_vhcn_pct,High-speed internet coverage (VHCN) % households
A,PC_HH,VHCN_FX,Fixed very high capacity networks (VHCN),TOTAL,Total,EU27_2020,2023,78.6,,,EU27_2020,,2023,internet_vhcn_pct,High-speed internet coverage (VHCN) % households
A,PC_HH,VHCN_FX,Fixed very high capacity networks (VHCN),TOTAL,Total,FI,2019,61.8,,,FI,,2019,internet_vhcn_pct,High-speed internet coverage (VHCN) % households
A,PC_HH,VHCN_FX,Fixed very high capacity networks (VHCN),TOTAL,Total,FI,2020,66.7,,,FI,,2020,internet_vhcn_pct,High-speed internet coverage (VHCN) % households
A,PC_HH,VHCN_FX,Fixed very high capacity networks (VHCN),TOTAL,Total,FI,2021,68.0,,,FI,,2021,internet_vhcn_pct,High-speed internet coverage (VHCN) % households
A,PC_HH,VHCN_FX,Fixed very high capacity networks (VHCN),TOTAL,Total,FI,2022,70.8,,,FI,,2022,internet_vhcn_pct,High-speed internet coverage (VHCN) % households
A,PC_HH,VHCN_FX,Fixed very high capacity networks (VHCN),TOTAL,Total,FI,2023,77.7,,,FI,,2023,internet_vhcn_pct,High-speed internet coverage (VHCN) % households
A,PC_HH,VHCN_FX,Fixed very high capacity networks (VHCN),TOTAL,Total,FR,2019,43.8,,,FR,,2019,internet_vhcn_pct,High-speed internet coverage (VHCN) % households
A,PC_HH,VHCN_FX,Fixed very high capacity networks (VHCN),TOTAL,Total,FR,2020,52.6,,,FR,,2020,internet_vhcn_pct,High-speed internet coverage (VHCN) % households
A,PC_HH,VHCN_FX,Fixed very high capacity networks (VHCN),TOTAL,Total,FR,2021,63.4,,,FR,,2021,internet_vhcn_pct,High-speed internet coverage (VHCN) % households
A,PC_HH,VHCN_FX,Fixed very high capacity networks (VHCN),TOTAL,Total,FR,2022,73.4,,,FR,,2022,internet_vhcn_pct,High-speed internet coverage (VHCN) % households
A,PC_HH,VHCN_FX,Fixed very high capacity networks (VHCN),TOTAL,Total,FR,2023,81.4,,,FR,,2023,internet_vhcn_pct,High-speed internet coverage (VHCN) % households
A,PC_HH,VHCN_FX,Fixed very high capacity networks (VHCN),TOTAL,Total,HR,2019,43.2,,,HR,,2019,internet_vhcn_pct,High-speed internet coverage (VHCN) % households
A,PC_HH,VHCN_FX,Fixed very high capacity networks (VHCN),TOTAL,Total,HR,2020,46.5,,,HR,,2020,internet_vhcn_pct,High-speed internet coverage (VHCN) % households
A,PC_HH,VHCN_FX,Fixed very high capacity networks (VHCN),TOTAL,Total,HR,2021,52.3,,,HR,,2021,internet_vhcn_pct,High-speed internet coverage (VHCN) % households
A,PC_HH,VHCN_FX,Fixed very high capacity networks (VHCN),TOTAL,Total,HR,2022,61.5,,,HR,,2022,internet_vhcn_pct,High-speed internet coverage (VHCN) % households
A,PC_HH,VHCN_FX,Fixed very high capacity networks (VHCN),TOTAL,Total,HR,2023,67.8,,,HR,,2023,internet_vhcn_pct,High-speed internet coverage (VHCN) % households
A,PC_HH,VHCN_FX,Fixed very high capacity networks (VHCN),TOTAL,Total,HU,2019,42.6,,,HU,,2019,internet_vhcn_pct,High-speed internet coverage (VHCN) % households
A,PC_HH,VHCN_FX,Fixed very high capacity networks (VHCN),TOTAL,Total,HU,2020,48.6,,,HU,,2020,internet_vhcn_pct,High-speed internet coverage (VHCN) % households
A,PC_HH,VHCN_FX,Fixed very high capacity networks (VHCN),TOTAL,Total,HU,2021,71.8,,,HU,,2021,internet_vhcn_pct,High-speed internet coverage (VHCN) % households
A,PC_HH,VHCN_FX,Fixed very high capacity networks (VHCN),TOTAL,Total,HU,2022,80.3,,,HU,,2022,internet_vhcn_pct,High-speed internet coverage (VHCN) % households
A,PC_HH,VHCN_FX,Fixed very high capacity networks (VHCN),TOTAL,Total,HU,2023,84.1,,,HU,,2023,internet_vhcn_pct,High-speed internet coverage (VHCN) % households
A,PC_HH,VHCN_FX,Fixed very high capacity networks (VHCN),TOTAL,Total,IE,2019,35.4,,,IE,,2019,internet_vhcn_pct,High-speed internet coverage (VHCN) % households
A,PC_HH,VHCN_FX,Fixed very high capacity networks (VHCN),TOTAL,Total,IE,2020,65.7,,,IE,,2020,internet_vhcn_pct,High-speed internet coverage (VHCN) % households
A,PC_HH,VHCN_FX,Fixed very high capacity networks (VHCN),TOTAL,Total,IE,2021,71.7,,,IE,,2021,internet_vhcn_pct,High-speed internet coverage (VHCN) % households
A,PC_HH,VHCN_FX,Fixed very high capacity networks (VHCN),TOTAL,Total,IE,2022,72.2,,,IE,,2022,internet_vhcn_pct,High-speed internet coverage (VHCN) % households
A,PC_HH,VHCN_FX,Fixed very high capacity networks (VHCN),TOTAL,Total,IE,2023,78.5,,,IE,,2023,internet_vhcn_pct,High-speed internet coverage (VHCN) % households
A,PC_HH,VHCN_FX,Fixed very high capacity networks (VHCN),TOTAL,Total,IS,2019,82.0,,,IS,,2019,internet_vhcn_pct,High-speed internet coverage (VHCN) % households
A,PC_HH,VHCN_FX,Fixed very high capacity networks (VHCN),TOTAL,Total,IS,2020,83.6,,,IS,,2020,internet_vhcn_pct,High-speed internet coverage (VHCN) % households
A,PC_HH,VHCN_FX,Fixed very high capacity networks (VHCN),TOTAL,Total,IS,2021,88.7,,,IS,,2021,internet_vhcn_pct,High-speed internet coverage (VHCN) % households
A,PC_HH,VHCN_FX,Fixed very high capacity networks (VHCN),TOTAL,Total,IS,2022,89.2,,,IS,,2022,internet_vhcn_pct,High-speed internet coverage (VHCN) % households
A,PC_HH,VHCN_FX,Fixed very high capacity networks (VHCN),TOTAL,Total,IS,2023,92.6,,,IS,,2023,internet_vhcn_pct,High-speed internet coverage (VHCN) % households
A,PC_HH,VHCN_FX,Fixed very high capacity networks (VHCN),TOTAL,Total,IT,2019,30.0,,,IT,,2019,internet_vhcn_pct,High-speed internet coverage (VHCN) % households
A,PC_HH,VHCN_FX,Fixed very high capacity networks (VHCN),TOTAL,Total,IT,2020,33.7,,,IT,,2020,internet_vhcn_pct,High-speed internet coverage (VHCN) % households
A,PC_HH,VHCN_FX,Fixed very high capacity networks (VHCN),TOTAL,Total,IT,2021,44.2,,,IT,,2021,internet_vhcn_pct,High-speed internet coverage (VHCN) % households
A,PC_HH,VHCN_FX,Fixed very high capacity networks (VHCN),TOTAL,Total,IT,2022,53.7,,,IT,,2022,internet_vhcn_pct,High-speed internet coverage (VHCN) % households
A,PC_HH,VHCN_FX,Fixed very high capacity networks (VHCN),TOTAL,Total,IT,2023,59.6,,,IT,,2023,internet_vhcn_pct,High-speed internet coverage (VHCN) % households
A,PC_HH,VHCN_FX,Fixed very high capacity networks (VHCN),TOTAL,Total,LT,2019,61.0,,,LT,,2019,internet_vhcn_pct,High-speed internet coverage (VHCN) % households
A,PC_HH,VHCN_FX,Fixed very high capacity networks (VHCN),TOTAL,Total,LT,2020,67.1,,,LT,,2020,internet_vhcn_pct,High-speed internet coverage (VHCN) % households
A,PC_HH,VHCN_FX,Fixed very high capacity networks (VHCN),TOTAL,Total,LT,2021,78.2,,,LT,,2021,internet_vhcn_pct,High-speed internet coverage (VHCN) % households
A,PC_HH,VHCN_FX,Fixed very high capacity networks (VHCN),TOTAL,Total,LT,2022,78.0,,,LT,,2022,internet_vhcn_pct,High-speed internet coverage (VHCN) % households
A,PC_HH,VHCN_FX,Fixed very high capacity networks (VHCN),TOTAL,Total,LT,2023,78.1,,,LT,,2023,internet_vhcn_pct,High-speed internet coverage (VHCN) % households
A,PC_HH,VHCN_FX,Fixed very high capacity networks (VHCN),TOTAL,Total,LU,2019,90.7,,,LU,,2019,internet_vhcn_pct,High-speed internet coverage (VHCN) % households
A,PC_HH,VHCN_FX,Fixed very high capacity networks (VHCN),TOTAL,Total,LU,2020,91.7,,,LU,,2020,internet_vhcn_pct,High-speed internet coverage (VHCN) % households
A,PC_HH,VHCN_FX,Fixed very high capacity networks (VHCN),TOTAL,Total,LU,2021,92.6,,,LU,,2021,internet_vhcn_pct,High-speed internet coverage (VHCN) % households
A,PC_HH,VHCN_FX,Fixed very high capacity networks (VHCN),TOTAL,Total,LU,2022,93.3,,,LU,,2022,internet_vhcn_pct,High-speed internet coverage (VHCN) % households
A,PC_HH,VHCN_FX,Fixed very high capacity networks (VHCN),TOTAL,Total,LU,2023,94.7,,,LU,,2023,internet_vhcn_pct,High-speed internet coverage (VHCN) % households
A,PC_HH,VHCN_FX,Fixed very high capacity networks (VHCN),TOTAL,Total,LV,2019,58.3,,,LV,,2019,internet_vhcn_pct,High-speed internet coverage (VHCN) % households
A,PC_HH,VHCN_FX,Fixed very high capacity networks (VHCN),TOTAL,Total,LV,2020,59.8,,,LV,,2020,internet_vhcn_pct,High-speed internet coverage (VHCN) % households
A,PC_HH,VHCN_FX,Fixed very high capacity networks (VHCN),TOTAL,Total,LV,2021,62.5,,,LV,,2021,internet_vhcn_pct,High-speed internet coverage (VHCN) % households
A,PC_HH,VHCN_FX,Fixed very high capacity networks (VHCN),TOTAL,Total,LV,2022,62.7,,,LV,,2022,internet_vhcn_pct,High-speed internet coverage (VHCN) % households
A,PC_HH,VHCN_FX,Fixed very high capacity networks (VHCN),TOTAL,Total,LV,2023,68.0,,,LV,,2023,internet_vhcn_pct,High-speed internet coverage (VHCN) % households
A,PC_HH,VHCN_FX,Fixed very high capacity networks (VHCN),TOTAL,Total,MT,2019,100.0,,,MT,,2019,internet_vhcn_pct,High-speed internet coverage (VHCN) % households
A,PC_HH,VHCN_FX,Fixed very high capacity networks (VHCN),TOTAL,Total,MT,2020,100.0,,,MT,,2020,internet_vhcn_pct,High-speed internet coverage (VHCN) % households
A,PC_HH,VHCN_FX,Fixed very high capacity networks (VHCN),TOTAL,Total,MT,2021,100.0,,,MT,,2021,internet_vhcn_pct,High-speed internet coverage (VHCN) % households
A,PC_HH,VHCN_FX,Fixed very high capacity networks (VHCN),TOTAL,Total,MT,2022,100.0,,,MT,,2022,internet_vhcn_pct,High-speed internet coverage (VHCN) % households
A,PC_HH,VHCN_FX,Fixed very high capacity networks (VHCN),TOTAL,Total,MT,2023,100.0,,,MT,,2023,internet_vhcn_pct,High-speed internet coverage (VHCN) % households
A,PC_HH,VHCN_FX,Fixed very high capacity networks (VHCN),TOTAL,Total,NL,2019,88.6,,,NL,,2019,internet_vhcn_pct,High-speed internet coverage (VHCN) % households
A,PC_HH,VHCN_FX,Fixed very high capacity networks (VHCN),TOTAL,Total,NL,2020,89.8,,,NL,,2020,internet_vhcn_pct,High-speed internet coverage (VHCN) % households
A,PC_HH,VHCN_FX,Fixed very high capacity networks (VHCN),TOTAL,Total,NL,2021,90.6,,,NL,,2021,internet_vhcn_pct,High-speed internet coverage (VHCN) % households
A,PC_HH,VHCN_FX,Fixed very high capacity networks (VHCN),TOTAL,Total,NL,2022,97.8,,,NL,,2022,internet_vhcn_pct,High-speed internet coverage (VHCN) % households
A,PC_HH,VHCN_FX,Fixed very high capacity networks (VHCN),TOTAL,Total,NL,2023,98.3,,,NL,,2023,internet_vhcn_pct,High-speed internet coverage (VHCN) % households
A,PC_HH,VHCN_FX,Fixed very high capacity networks (VHCN),TOTAL,Total,NO,2019,71.4,,,NO,,2019,internet_vhcn_pct,High-speed internet coverage (VHCN) % households
A,PC_HH,VHCN_FX,Fixed very high capacity networks (VHCN),TOTAL,Total,NO,2020,73.7,,,NO,,2020,internet_vhcn_pct,High-speed internet coverage (VHCN) % households
A,PC_HH,VHCN_FX,Fixed very high capacity networks (VHCN),TOTAL,Total,NO,2021,75.8,,,NO,,2021,internet_vhcn_pct,High-speed internet coverage (VHCN) % households
A,PC_HH,VHCN_FX,Fixed very high capacity networks (VHCN),TOTAL,Total,NO,2022,81.9,,,NO,,2022,internet_vhcn_pct,High-speed internet coverage (VHCN) % households
A,PC_HH,VHCN_FX,Fixed very high capacity networks (VHCN),TOTAL,Total,NO,2023,93.1,,,NO,,2023,internet_vhcn_pct,High-speed internet coverage (VHCN) % households
A,PC_HH,VHCN_FX,Fixed very high capacity networks (VHCN),TOTAL,Total,PL,2019,60.3,,,PL,,2019,internet_vhcn_pct,High-speed internet coverage (VHCN) % households
A,PC_HH,VHCN_FX,Fixed very high capacity networks (VHCN),TOTAL,Total,PL,2020,64.6,,,PL,,2020,internet_vhcn_pct,High-speed internet coverage (VHCN) % households
A,PC_HH,VHCN_FX,Fixed very high capacity networks (VHCN),TOTAL,Total,PL,2021,70.0,,,PL,,2021,internet_vhcn_pct,High-speed internet coverage (VHCN) % households
A,PC_HH,VHCN_FX,Fixed very high capacity networks (VHCN),TOTAL,Total,PL,2022,70.7,,,PL,,2022,internet_vhcn_pct,High-speed internet coverage (VHCN) % households
A,PC_HH,VHCN_FX,Fixed very high capacity networks (VHCN),TOTAL,Total,PL,2023,81.1,,,PL,,2023,internet_vhcn_pct,High-speed internet coverage (VHCN) % households
A,PC_HH,VHCN_FX,Fixed very high capacity networks (VHCN),TOTAL,Total,PT,2019,83.0,,,PT,,2019,internet_vhcn_pct,High-speed internet coverage (VHCN) % households
A,PC_HH,VHCN_FX,Fixed very high capacity networks (VHCN),TOTAL,Total,PT,2020,86.6,,,PT,,2020,internet_vhcn_pct,High-speed internet coverage (VHCN) % households
A,PC_HH,VHCN_FX,Fixed very high capacity networks (VHCN),TOTAL,Total,PT,2021,90.5,,,PT,,2021,internet_vhcn_pct,High-speed internet coverage (VHCN) % households
A,PC_HH,VHCN_FX,Fixed very high capacity networks (VHCN),TOTAL,Total,PT,2022,93.0,,,PT,,2022,internet_vhcn_pct,High-speed internet coverage (VHCN) % households
A,PC_HH,VHCN_FX,Fixed very high capacity networks (VHCN),TOTAL,Total,PT,2023,94.2,,,PT,,2023,internet_vhcn_pct,High-speed internet coverage (VHCN) % households
A,PC_HH,VHCN_FX,Fixed very high capacity networks (VHCN),TOTAL,Total,RO,2019,68.1,,,RO,,2019,internet_vhcn_pct,High-speed internet coverage (VHCN) % households
A,PC_HH,VHCN_FX,Fixed very high capacity networks (VHCN),TOTAL,Total,RO,2020,75.9,,,RO,,2020,internet_vhcn_pct,High-speed internet coverage (VHCN) % households
A,PC_HH,VHCN_FX,Fixed very high capacity networks (VHCN),TOTAL,Total,RO,2021,87.1,,,RO,,2021,internet_vhcn_pct,High-speed internet coverage (VHCN) % households
A,PC_HH,VHCN_FX,Fixed very high capacity networks (VHCN),TOTAL,Total,RO,2022,95.6,,,RO,,2022,internet_vhcn_pct,High-speed internet coverage (VHCN) % households
A,PC_HH,VHCN_FX,Fixed very high capacity networks (VHCN),TOTAL,Total,RO,2023,95.0,,,RO,,2023,internet_vhcn_pct,High-speed internet coverage (VHCN) % households
A,PC_HH,VHCN_FX,Fixed very high capacity networks (VHCN),TOTAL,Total,SE,2019,77.1,,,SE,,2019,internet_vhcn_pct,High-speed internet coverage (VHCN) % households
A,PC_HH,VHCN_FX,Fixed very high capacity networks (VHCN),TOTAL,Total,SE,2020,80.5,,,SE,,2020,internet_vhcn_pct,High-speed internet coverage (VHCN) % households
A,PC_HH,VHCN_FX,Fixed very high capacity networks (VHCN),TOTAL,Total,SE,2021,82.5,,,SE,,2021,internet_vhcn_pct,High-speed internet coverage (VHCN) % households
A,PC_HH,VHCN_FX,Fixed very high capacity networks (VHCN),TOTAL,Total,SE,2022,81.6,,,SE,,2022,internet_vhcn_pct,High-speed internet coverage (VHCN) % households
A,PC_HH,VHCN_FX,Fixed very high capacity networks (VHCN),TOTAL,Total,SE,2023,88.5,,,SE,,2023,internet_vhcn_pct,High-speed internet coverage (VHCN) % households
A,PC_HH,VHCN_FX,Fixed very high capacity networks (VHCN),TOTAL,Total,SI,2019,63.8,,,SI,,2019,internet_vhcn_pct,High-speed internet coverage (VHCN) % households
A,PC_HH,VHCN_FX,Fixed very high capacity networks (VHCN),TOTAL,Total,SI,2020,65.6,,,SI,,2020,internet_vhcn_pct,High-speed internet coverage (VHCN) % households
A,PC_HH,VHCN_FX,Fixed very high capacity networks (VHCN),TOTAL,Total,SI,2021,72.4,,,SI,,2021,internet_vhcn_pct,High-speed internet coverage (VHCN) % households
A,PC_HH,VHCN_FX,Fixed very high capacity networks (VHCN),TOTAL,Total,SI,2022,75.5,,,SI,,2022,internet_vhcn_pct,High-speed internet coverage (VHCN) % households
A,PC_HH,VHCN_FX,Fixed very high capacity networks (VHCN),TOTAL,Total,SI,2023,78.5,,,SI,,2023,internet_vhcn_pct,High-speed internet coverage (VHCN) % households
A,PC_HH,VHCN_FX,Fixed very high capacity networks (VHCN),TOTAL,Total,SK,2019,45.5,,,SK,,2019,internet_vhcn_pct,High-speed internet coverage (VHCN) % households
A,PC_HH,VHCN_FX,Fixed very high capacity networks (VHCN),TOTAL,Total,SK,2020,50.2,,,SK,,2020,internet_vhcn_pct,High-speed internet coverage (VHCN) % households
A,PC_HH,VHCN_FX,Fixed very high capacity networks (VHCN),TOTAL,Total,SK,2021,66.7,,,SK,,2021,internet_vhcn_pct,High-speed internet coverage (VHCN) % households
A,PC_HH,VHCN_FX,Fixed very high capacity networks (VHCN),TOTAL,Total,SK,2022,71.3,,,SK,,2022,internet_vhcn_pct,High-speed internet coverage (VHCN) % households
A,PC_HH,VHCN_FX,Fixed very high capacity networks (VHCN),TOTAL,Total,SK,2023,69.1,,,SK,,2023,internet_vhcn_pct,High-speed internet coverage (VHCN) % households
A,PC_HH,VHCN_FX,Fixed very high capacity networks (VHCN),TOTAL,Total,UK,2019,8.5,,,UK,,2019,internet_vhcn_pct,High-speed internet coverage (VHCN) % households
A,PC_HH,VHCN_FX,Fixed very high capacity networks (VHCN),TOTAL,Total,UK,2020,21.0,,,UK,,2020,internet_vhcn_pct,High-speed internet coverage (VHCN) % households
A,PC_HH,VHCN_FX,Fixed very high capacity networks (VHCN),TOTAL,Total,UK,2021,39.9,,,UK,,2021,internet_vhcn_pct,High-speed internet coverage (VHCN) % households
A,PC_HH,VHCN_FX,Fixed very high capacity networks (VHCN),TOTAL,Total,UK,2022,66.2,,,UK,,2022,internet_vhcn_pct,High-speed internet coverage (VHCN) % households
A,PC_HH,VHCN_FX,Fixed very high capacity networks (VHCN),TOTAL,Total,UK,2023,74.7,,,UK,,2023,internet_vhcn_pct,High-speed internet coverage (VHCN) % households
