freq,unit,sex,Sex,age,Age class,location_code,time_period,obs_value,obs_flag,conf_status,country_code,country_name,year,indicator,indicator_desc
A,PC,T,Total,Y25-74,From 25 to 74 years,AT,2015,12.9,,,AT,,2015,education_participation_pct,"Participation rate in education/training, 25-74 years"
A,PC,T,Total,Y25-74,From 25 to 74 years,AT,2016,13.3,,,AT,,2016,education_participation_pct,"Participation rate in education/training, 25-74 years"
A,PC,T,Total,Y25-74,From 25 to 74 years,AT,2017,14.1,,,AT,,2017,education_participation_pct,"Participation rate in education/training, 25-74 years"
A,PC,T,Total,Y25-74,From 25 to 74 years,AT,2018,13.6,,,AT,,2018,education_participation_pct,"Participation rate in education/training, 25-74 years"
A,PC,T,Total,Y25-74,From 25 to 74 years,AT,2019,13.1,,,AT,,2019,education_participation_pct,"Participation rate in education/training, 25-74 years"
A,PC,T,Total,Y25-74,From 25 to 74 years,AT,2020,10.3,,,AT,,2020,education_participation_pct,"Participation rate in education/training, 25-74 years"
A,PC,T,Total,Y25-74,From 25 to 74 years,AT,2021,12.7,b,,AT,,2021,education_participation_pct,"Participation rate in education/training, 25-74 years"
A,PC,T,Total,Y25-74,From 25 to 74 years,AT,2022,13.8,,,AT,,2022,education_participation_pct,"Participation rate in education/training, 25-74 years"
A,PC,T,Total,Y25-74,From 25 to 74 years,AT,2023,15.0,,,AT,,2023,education_participation_pct,"Participation rate in education/training, 25-74 years"
A,PC,T,Total,Y25-74,From 25 to 74 years,BA,2021,1.8,,,BA,,2021,education_participation_pct,"Participation rate in education/training, 25-74 years"
A,PC,T,Total,Y25-74,From 25 to 74 years,BA,2022,1.5,,,BA,,2022,education_participation_pct,"Participation rate in education/training, 25-74 years"
A,PC,T,Total,Y25-74,From 25 to 74 years,BA,2023,1.5,,,BA,,2023,education_participation_pct,"Participation rate in education/training, 25-74 years"
A,PC,T,Total,Y25-74,From 25 to 74 years,BE,2015,6.2,,,BE,,2015,education_participation_pct,"Participation rate in education/training, 25-74 years"
A,PC,T,Total,Y25-74,From 25 to 74 years,BE,2016,6.2,,,BE,,2016,education_participation_pct,"Participation rate in education/training, 25-74 years"
A,PC,T,Total,Y25-74,From 25 to 74 years,BE,2017,7.4,b,,BE,,2017,education_participation_pct,"Participation rate in education/training, 25-74 years"
A,PC,T,Total,Y25-74,From 25 to 74 years,BE,2018,7.5,,,BE,,2018,education_participation_pct,"Participation rate in education/training, 25-74 years"
A,PC,T,Total,Y25-74,From 25 to 74 years,BE,2019,7.2,,,BE,,2019,education_participation_pct,"Participation rate in education/training, 25-74 years"
A,PC,T,Total,Y25-74,From 25 to 74 years,BE,2020,6.4,,,BE,,2020,education_participation_pct,"Participation rate in education/training, 25-74 years"
A,PC,T,Total,Y25-74,From 25 to 74 years,BE,2021,8.9,b,,BE,,2021,education_participation_pct,"Participation rate in education/training, 25-74 years"
A,PC,T,Total,Y25-74,From 25 to 74 years,BE,2022,9.0,,,BE,,2022,education_participation_pct,"Participation rate in education/training, 25-74 years"
A,PC,T,Total,Y25-74,From 25 to 74 years,BE,2023,9.6,,,BE,,2023,education_participation_pct,"Participation rate in education/training, 25-74 years"
A,PC,T,Total,Y25-74,From 25 to 74 years,BG,2015,1.7,,,BG,,2015,education_participation_pct,"Participation rate in education/training, 25-74 years"
A,PC,T,Total,Y25-74,From 25 to 74 years,BG,2016,1.8,,,BG,,2016,education_participation_pct,"Participation rate in education/training, 25-74 years"
A,PC,T,Total,Y25-74,From 25 to 74 years,BG,2017,1.9,,,BG,,2017,education_participation_pct,"Participation rate in education/training, 25-74 years"
A,PC,T,Total,Y25-74,From 25 to 74 years,BG,2018,2.0,,,BG,,2018,education_participation_pct,"Participation rate in education/training, 25-74 years"
A,PC,T,Total,Y25-74,From 25 to 74 years,BG,2019,1.5,b,,BG,,2019,education_participation_pct,"Participation rate in education/training, 25-74 years"
A,PC,T,Total,Y25-74,From 25 to 74 years,BG,2020,1.2,,,BG,,2020,education_participation_pct,"Participation rate in education/training, 25-74 years"
A,PC,T,Total,Y25-74,From 25 to 74 years,BG,2021,1.4,b,,BG,,2021,education_participation_pct,"Participation rate in education/training, 25-74 years"
A,PC,T,Total,Y25-74,From 25 to 74 years,BG,2022,1.3,,,BG,,2022,education_participation_pct,"Participation rate in education/training, 25-74 years"
A,PC,T,Total,Y25-74,From 25 to 74 years,BG,2023,1.1,,,BG,,2023,education_participation_pct,"Participation rate in education/training, 25-74 years"
A,PC,T,Total,Y25-74,From 25 to 74 years,CH,2015,28.4,,,CH,,2015,education_participation_pct,"Participation rate in education/training, 25-74 years"
A,PC,T,Total,Y25-74,From 25 to 74 years,CH,2016,28.8,,,CH,,2016,education_participation_pct,"Participation rate in education/training, 25-74 years"
A,PC,T,Total,Y25-74,From 25 to 74 years,CH,2017,28.6,,,CH,,2017,education_participation_pct,"Participation rate in education/training, 25-74 years"
A,PC,T,Total,Y25-74,From 25 to 74 years,CH,2018,28.9,,,CH,,2018,education_participation_pct,"Participation rate in education/training, 25-74 years"
A,PC,T,Total,Y25-74,From 25 to 74 years,CH,2019,29.5,,,CH,,2019,education_participation_pct,"Participation rate in education/training, 25-74 years"
A,PC,T,Total,Y25-74,From 25 to 74 years,CH,2020,24.9,,,CH,,2020,education_participation_pct,"Participation rate in education/training, 25-74 years"
A,PC,T,Total,Y25-74,From 25 to 74 years,CH,2021,20.3,b,,CH,,2021,education_participation_pct,"Participation rate in education/training, 25-74 years"
A,PC,T,Total,Y25-74,From 25 to 74 years,CH,2022,19.4,,,CH,,2022,education_participation_pct,"Participation rate in education/training, 25-74 years"
A,PC,T,Total,Y25-74,From 25 to 74 years,CH,2023,24.3,,,CH,,2023,education_participation_pct,"Participation rate in education/training, 25-74 years"
A,PC,T,Total,Y25-74,From 25 to 74 years,CY,2015,6.8,,,CY,,2015,education_participation_pct,"Participation rate in education/training, 25-74 years"
A,PC,T,Total,Y25-74,From 25 to 74 years,CY,2016,6.3,,,CY,,2016,education_participation_pct,"Participation rate in education/training, 25-74 years"
A,PC,T,Total,Y25-74,From 25 to 74 years,CY,2017,6.3,,,CY,,2017,education_participation_pct,"Participation rate in education/training, 25-74 years"
A,PC,T,Total,Y25-74,From 25 to 74 years,CY,2018,6.1,,,CY,,2018,education_participation_pct,"Participation rate in education/training, 25-74 years"
A,PC,T,Total,Y25-74,From 25 to 74 years,CY,2019,5.3,,,CY,,2019,education_participation_pct,"Participation rate in education/training, 25-74 years"
A,PC,T,Total,Y25-74,From 25 to 74 years,CY,2020,4.1,,,CY,,2020,education_participation_pct,"Participation rate in education/training, 25-74 years"
A,PC,T,Total,Y25-74,From 25 to 74 years,CY,2021,8.4,b,,CY,,2021,education_participation_pct,"Participation rate in education/training, 25-74 years"
A,PC,T,Total,Y25-74,From 25 to 74 years,CY,2022,9.2,,,CY,,2022,education_participation_pct,"Participation rate in education/training, 25-74 years"
A,PC,T,Total,Y25-74,From 25 to 74 years,CY,2023,9.6,,,CY,,2023,education_participation_pct,"Participation rate in education/training, 25-74 years"
A,PC,T,Total,Y25-74,From 25 to 74 years,CZ,2015,7.8,,,CZ,,2015,education_participation_pct,"Participation rate in education/training, 25-74 years"
A,PC,T,Total,Y25-74,From 25 to 74 years,CZ,2016,8.0,,,CZ,,2016,education_participation_pct,"Participation rate in education/training, 25-74 years"
A,PC,T,Total,Y25-74,From 25 to 74 years,CZ,2017,8.9,,,CZ,,2017,education_participation_pct,"Participation rate in education/training, 25-74 years"
A,PC,T,Total,Y25-74,From 25 to 74 years,CZ,2018,7.8,,,CZ,,2018,education_participation_pct,"Participation rate in education/training, 25-74 years"
A,PC,T,Total,Y25-74,From 25 to 74 years,CZ,2019,7.4,,,CZ,,2019,education_participation_pct,"Participation rate in education/training, 25-74 years"
A,PC,T,Total,Y25-74,From 25 to 74 years,CZ,2020,5.0,,,CZ,,2020,education_participation_pct,"Participation rate in education/training, 25-74 years"
A,PC,T,Total,Y25-74,From 25 to 74 years,CZ,2021,5.0,b,,CZ,,2021,education_participation_pct,"Participation rate in education/training, 25-74 years"
A,PC,T,Total,Y25-74,From 25 to 74 years,CZ,2022,7.8,,,CZ,,2022,education_participation_pct,"Participation rate in education/training, 25-74 years"
A,PC,T,Total,Y25-74,From 25 to 74 years,CZ,2023,8.3,,,CZ,,2023,education_participation_pct,"Participation rate in education/training, 25-74 years"
A,PC,T,Total,Y25-74,From 25 to 74 years,DE,2015,7.0,,,DE,,2015,education_participation_pct,"Participation rate in education/training, 25-74 years"
A,PC,T,Total,Y25-74,From 25 to 74 years,DE,2016,7.3,,,DE,,2016,education_participation_pct,"Participation rate in education/training, 25-74 years"
A,PC,T,Total,Y25-74,From 25 to 74 years,DE,2017,7.3,,,DE,,2017,education_participation_pct,"Participation rate in education/training, 25-74 years"
A,PC,T,Total,Y25-74,From 25 to 74 years,DE,2018,7.1,,,DE,,2018,education_participation_pct,"Participation rate in education/training, 25-74 years"
A,PC,T,Total,Y25-74,From 25 to 74 years,DE,2019,7.1,,,DE,,2019,education_participation_pct,"Participation rate in education/training, 25-74 years"
A,PC,T,Total,Y25-74,From 25 to 74 years,DE,2020,6.6,b,,DE,,2020,education_participation_pct,"Participation rate in education/training, 25-74 years"
A,PC,T,Total,Y25-74,From 25 to 74 years,DE,2021,6.5,b,,DE,,2021,education_participation_pct,"Participation rate in education/training, 25-74 years"
A,PC,T,Total,Y25-74,From 25 to 74 years,DE,2022,6.8,,,DE,,2022,education_participation_pct,"Participation rate in education/training, 25-74 years"
A,PC,T,Total,Y25-74,From 25 to 74 years,DE,2023,6.9,,,DE,,2023,education_participation_pct,"Participation rate in education/training, 25-74 years"
A,PC,T,Total,Y25-74,From 25 to 74 years,DK,2015,29.5,,,DK,,2015,education_participation_pct,"Participation rate in education/training, 25-74 years"
A,PC,T,Total,Y25-74,From 25 to 74 years,DK,2016,26.3,b,,DK,,2016,education_participation_pct,"Participation rate in education/training, 25-74 years"
A,PC,T,Total,Y25-74,From 25 to 74 years,DK,2017,24.6,b,,DK,,2017,education_participation_pct,"Participation rate in education/training, 25-74 years"
A,PC,T,Total,Y25-74,From 25 to 74 years,DK,2018,21.3,,,DK,,2018,education_participation_pct,"Participation rate in education/training, 25-74 years"
A,PC,T,Total,Y25-74,From 25 to 74 years,DK,2019,23.4,,,DK,,2019,education_participation_pct,"Participation rate in education/training, 25-74 years"
A,PC,T,Total,Y25-74,From 25 to 74 years,DK,2020,18.3,,,DK,,2020,education_participation_pct,"Participation rate in education/training, 25-74 years"
A,PC,T,Total,Y25-74,From 25 to 74 years,DK,2021,20.3,b,,DK,,2021,education_participation_pct,"Participation rate in education/training, 25-74 years"
A,PC,T,Total,Y25-74,From 25 to 74 years,DK,2022,25.8,,,DK,,2022,education_participation_pct,"Participation rate in education/training, 25-74 years"
A,PC,T,Total,Y25-74,From 25 to 74 years,DK,2023,28.9,,,DK,,2023,education_participation_pct,"Participation rate in education/training, 25-74 years"
A,PC,T,Total,Y25-74,From 25 to 74 years,EA20,2015,9.5,,,EA20,,2015,education_participation_pct,"Participation rate in education/training, 25-74 years"
A,PC,T,Total,Y25-74,From 25 to 74 years,EA20,2016,9.8,,,EA20,,2016,education_participation_pct,"Participation rate in education/training, 25-74 years"
A,PC,T,Total,Y25-74,From 25 to 74 years,EA20,2017,9.9,,,EA20,,2017,education_participation_pct,"Participation rate in education/training, 25-74 years"
A,PC,T,Total,Y25-74,From 25 to 74 years,EA20,2018,10.0,,,EA20,,2018,education_participation_pct,"Participation rate in education/training, 25-74 years"
A,PC,T,Total,Y25-74,From 25 to 74 years,EA20,2019,10.1,,,EA20,,2019,education_participation_pct,"Participation rate in education/training, 25-74 years"
A,PC,T,Total,Y25-74,From 25 to 74 years,EA20,2020,8.5,,,EA20,,2020,education_participation_pct,"Participation rate in education/training, 25-74 years"
A,PC,T,Total,Y25-74,From 25 to 74 years,EA20,2021,9.8,b,,EA20,,2021,education_participation_pct,"Participation rate in education/training, 25-74 years"
A,PC,T,Total,Y25-74,From 25 to 74 years,EA20,2022,10.5,,,EA20,,2022,education_participation_pct,"Participation rate in education/training, 25-74 years"
A,PC,T,Total,Y25-74,From 25 to 74 years,EA20,2023,11.3,,,EA20,,2023,education_participation_pct,"Participation rate in education/training, 25-74 years"
A,PC,T,Total,Y25-74,From 25 to 74 years,EE,2015,10.4,,,EE,,2015,education_participation_pct,"Participation rate in education/training, 25-74 years"
A,PC,T,Total,Y25-74,From 25 to 74 years,EE,2016,13.7,,,EE,,2016,education_participation_pct,"Participation rate in education/training, 25-74 years"
A,PC,T,Total,Y25-74,From 25 to 74 years,EE,2017,14.8,,,EE,,2017,education_participation_pct,"Participation rate in education/training, 25-74 years"
A,PC,T,Total,Y25-74,From 25 to 74 years,EE,2018,17.1,,,EE,,2018,education_participation_pct,"Participation rate in education/training, 25-74 years"
A,PC,T,Total,Y25-74,From 25 to 74 years,EE,2019,17.2,,,EE,,2019,education_participation_pct,"Participation rate in education/training, 25-74 years"
A,PC,T,Total,Y25-74,From 25 to 74 years,EE,2020,14.4,,,EE,,2020,education_participation_pct,"Participation rate in education/training, 25-74 years"
A,PC,T,Total,Y25-74,From 25 to 74 years,EE,2021,15.9,b,,EE,,2021,education_participation_pct,"Participation rate in education/training, 25-74 years"
A,PC,T,Total,Y25-74,From 25 to 74 years,EE,2022,18.2,,,EE,,2022,education_participation_pct,"Participation rate in education/training, 25-74 years"
A,PC,T,Total,Y25-74,From 25 to 74 years,EE,2023,20.1,,,EE,,2023,education_participation_pct,"Participation rate in education/training, 25-74 years"
A,PC,T,Total,Y25-74,From 25 to 74 years,EL,2015,2.8,,,EL,,2015,education_participation_pct,"Participation rate in education/training, 25-74 years"
A,PC,T,Total,Y25-74,From 25 to 74 years,EL,2016,3.4,,,EL,,2016,education_participation_pct,"Participation rate in education/training, 25-74 years"
A,PC,T,Total,Y25-74,From 25 to 74 years,EL,2017,3.9,,,EL,,2017,education_participation_pct,"Participation rate in education/training, 25-74 years"
A,PC,T,Total,Y25-74,From 25 to 74 years,EL,2018,3.9,,,EL,,2018,education_participation_pct,"Participation rate in education/training, 25-74 years"
A,PC,T,Total,Y25-74,From 25 to 74 years,EL,2019,3.4,,,EL,,2019,education_participation_pct,"Participation rate in education/training, 25-74 years"
A,PC,T,Total,Y25-74,From 25 to 74 years,EL,2020,3.5,,,EL,,2020,education_participation_pct,"Participation rate in education/training, 25-74 years"
A,PC,T,Total,Y25-74,From 25 to 74 years,EL,2021,2.9,b,,EL,,2021,education_participation_pct,"Participation rate in education/training, 25-74 years"
A,PC,T,Total,Y25-74,From 25 to 74 years,EL,2022,3.0,,,EL,,2022,education_participation_pct,"Participation rate in education/training, 25-74 years"
A,PC,T,Total,Y25-74,From 25 to 74 years,EL,2023,2.8,,,EL,,2023,education_participation_pct,"Participation rate in education/training, 25-74 years"
A,PC,T,Total,Y25-74,From 25 to 74 years,ES,2015,8.8,,,ES,,2015,education_participation_pct,"Participation rate in education/training, 25-74 years"
A,PC,T,Total,Y25-74,From 25 to 74 years,ES,2016,8.4,,,ES,,2016,education_participation_pct,"Participation rate in education/training, 25-74 years"
A,PC,T,Total,Y25-74,From 25 to 74 years,ES,2017,8.7,,,ES,,2017,education_participation_pct,"Participation rate in education/training, 25-74 years"
A,PC,T,Total,Y25-74,From 25 to 74 years,ES,2018,9.3,,,ES,,2018,education_participation_pct,"Participation rate in education/training, 25-74 years"
A,PC,T,Total,Y25-74,From 25 to 74 years,ES,2019,9.4,,,ES,,2019,education_participation_pct,"Participation rate in education/training, 25-74 years"
A,PC,T,Total,Y25-74,From 25 to 74 years,ES,2020,9.6,,,ES,,2020,education_participation_pct,"Participation rate in education/training, 25-74 years"
A,PC,T,Total,Y25-74,From 25 to 74 years,ES,2021,12.5,b,,ES,,2021,education_participation_pct,"Participation rate in education/training, 25-74 years"
A,PC,T,Total,Y25-74,From 25 to 74 years,ES,2022,13.3,,,ES,,2022,education_participation_pct,"Participation rate in education/training, 25-74 years"
A,PC,T,Total,Y25-74,From 25 to 74 years,ES,2023,13.9,,,ES,,2023,education_participation_pct,"Participation rate in education/training, 25-74 years"
A,PC,T,Total,Y25-74,From 25 to 74 years,EU27_2020,2015,8.9,,,EU27_2020,,2015,education_participation_pct,"Participation rate in education/training, 25-74 years"
A,PC,T,Total,Y25-74,From 25 to 74 years,EU27_2020,2016,9.1,,,EU27_2020,,2016,education_participation_pct,"Participation rate in education/training, 25-74 years"
A,PC,T,Total,Y25-74,From 25 to 74 years,EU27_2020,2017,9.2,,,EU27_2020,,2017,education_participation_pct,"Participation rate in education/training, 25-74 years"
A,PC,T,Total,Y25-74,From 25 to 74 years,EU27_2020,2018,9.4,,,EU27_2020,,2018,education_participation_pct,"Participation rate in education/training, 25-74 years"
A,PC,T,Total,Y25-74,From 25 to 74 years,EU27_2020,2019,9.5,,,EU27_2020,,2019,education_participation_pct,"Participation rate in education/training, 25-74 years"
A,PC,T,Total,Y25-74,From 25 to 74 years,EU27_2020,2020,7.9,,,EU27_2020,,2020,education_participation_pct,"Participation rate in education/training, 25-74 years"
A,PC,T,Total,Y25-74,From 25 to 74 years,EU27_2020,2021,9.4,b,,EU27_2020,,2021,education_participation_pct,"Participation rate in education/training, 25-74 years"
A,PC,T,Total,Y25-74,From 25 to 74 years,EU27_2020,2022,10.3,,,EU27_2020,,2022,education_participation_pct,"Participation rate in education/training, 25-74 years"
A,PC,T,Total,Y25-74,From 25 to 74 years,EU27_2020,2023,11.1,,,EU27_2020,,2023,education_participation_pct,"Participation rate in education/training, 25-74 years"
A,PC,T,Total,Y25-74,From 25 to 74 years,FI,2015,22.7,,,FI,,2015,education_participation_pct,"Participation rate in education/training, 25-74 years"
A,PC,T,Total,Y25-74,From 25 to 74 years,FI,2016,23.4,,,FI,,2016,education_participation_pct,"Participation rate in education/training, 25-74 years"
A,PC,T,Total,Y25-74,From 25 to 74 years,FI,2017,24.1,,,FI,,2017,education_participation_pct,"Participation rate in education/training, 25-74 years"
A,PC,T,Total,Y25-74,From 25 to 74 years,FI,2018,24.9,,,FI,,2018,education_participation_pct,"Participation rate in education/training, 25-74 years"
A,PC,T,Total,Y25-74,From 25 to 74 years,FI,2019,25.2,,,FI,,2019,education_participation_pct,"Participation rate in education/training, 25-74 years"
A,PC,T,Total,Y25-74,From 25 to 74 years,FI,2020,23.3,,,FI,,2020,education_participation_pct,"Participation rate in education/training, 25-74 years"
A,PC,T,Total,Y25-74,From 25 to 74 years,FI,2021,25.9,b,,FI,,2021,education_participation_pct,"Participation rate in education/training, 25-74 years"
A,PC,T,Total,Y25-74,From 25 to 74 years,FI,2022,21.8,,,FI,,2022,education_participation_pct,"Participation rate in education/training, 25-74 years"
A,PC,T,Total,Y25-74,From 25 to 74 years,FI,2023,22.8,,,FI,,2023,education_participation_pct,"Participation rate in education/training, 25-74 years"
A,PC,T,Total,Y25-74,From 25 to 74 years,FR,2015,16.5,,,FR,,2015,education_participation_pct,"Participation rate in education/training, 25-74 years"
A,PC,T,Total,Y25-74,From 25 to 74 years,FR,2016,16.7,,,FR,,2016,education_participation_pct,"Participation rate in education/training, 25-74 years"
A,PC,T,Total,Y25-74,From 25 to 74 years,FR,2017,16.5,,,FR,,2017,education_participation_pct,"Participation rate in education/training, 25-74 years"
A,PC,T,Total,Y25-74,From 25 to 74 years,FR,2018,16.2,,,FR,,2018,education_participation_pct,"Participation rate in education/training, 25-74 years"
A,PC,T,Total,Y25-74,From 25 to 74 years,FR,2019,17.0,,,FR,,2019,education_participation_pct,"Participation rate in education/training, 25-74 years"
A,PC,T,Total,Y25-74,From 25 to 74 years,FR,2020,11.1,,,FR,,2020,education_participation_pct,"Participation rate in education/training, 25-74 years"
A,PC,T,Total,Y25-74,From 25 to 74 years,FR,2021,9.7,b,,FR,,2021,education_participation_pct,"Participation rate in education/training, 25-74 years"
A,PC,T,Total,Y25-74,From 25 to 74 years,FR,2022,11.8,,,FR,,2022,education_participation_pct,"Participation rate in education/training, 25-74 years"
A,PC,T,Total,Y25-74,From 25 to 74 years,FR,2023,13.3,,,FR,,2023,education_participation_pct,"Participation rate in education/training, 25-74 years"
A,PC,T,Total,Y25-74,From 25 to 74 years,HR,2015,2.7,,,HR,,2015,education_participation_pct,"Participation rate in education/training, 25-74 years"
A,PC,T,Total,Y25-74,From 25 to 74 years,HR,2016,2.5,,,HR,,2016,education_participation_pct,"Participation rate in education/training, 25-74 years"
A,PC,T,Total,Y25-74,From 25 to 74 years,HR,2017,1.9,,,HR,,2017,education_participation_pct,"Participation rate in education/training, 25-74 years"
A,PC,T,Total,Y25-74,From 25 to 74 years,HR,2018,2.3,,,HR,,2018,education_participation_pct,"Participation rate in education/training, 25-74 years"
A,PC,T,Total,Y25-74,From 25 to 74 years,HR,2019,2.8,,,HR,,2019,education_participation_pct,"Participation rate in education/training, 25-74 years"
A,PC,T,Total,Y25-74,From 25 to 74 years,HR,2020,2.6,,,HR,,2020,education_participation_pct,"Participation rate in education/training, 25-74 years"
A,PC,T,Total,Y25-74,From 25 to 74 years,HR,2021,4.3,b,,HR,,2021,education_participation_pct,"Participation rate in education/training, 25-74 years"
A,PC,T,Total,Y25-74,From 25 to 74 years,HR,2022,4.0,,,HR,,2022,education_participation_pct,"Participation rate in education/training, 25-74 years"
A,PC,T,Total,Y25-74,From 25 to 74 years,HR,2023,5.2,,,HR,,2023,education_participation_pct,"Participation rate in education/training, 25-74 years"
A,PC,T,Total,Y25-74,From 25 to 74 years,HU,2015,6.1,b,,HU,,2015,education_participation_pct,"Participation rate in education/training, 25-74 years"
A,PC,T,Total,Y25-74,From 25 to 74 years,HU,2016,5.4,,,HU,,2016,education_participation_pct,"Participation rate in education/training, 25-74 years"
A,PC,T,Total,Y25-74,From 25 to 74 years,HU,2017,5.2,,,HU,,2017,education_participation_pct,"Participation rate in education/training, 25-74 years"
A,PC,T,Total,Y25-74,From 25 to 74 years,HU,2018,5.1,b,,HU,,2018,education_participation_pct,"Participation rate in education/training, 25-74 years"
A,PC,T,Total,Y25-74,From 25 to 74 years,HU,2019,4.9,,,HU,,2019,education_participation_pct,"Participation rate in education/training, 25-74 years"
A,PC,T,Total,Y25-74,From 25 to 74 years,HU,2020,4.2,,,HU,,2020,education_participation_pct,"Participation rate in education/training, 25-74 years"
A,PC,T,Total,Y25-74,From 25 to 74 years,HU,2021,4.9,b,,HU,,2021,education_participation_pct,"Participation rate in education/training, 25-74 years"
A,PC,T,Total,Y25-74,From 25 to 74 years,HU,2022,6.7,,,HU,,2022,education_participation_pct,"Participation rate in education/training, 25-74 years"
A,PC,T,Total,Y25-74,From 25 to 74 years,HU,2023,8.0,,,HU,,2023,education_participation_pct,"Participation rate in education/training, 25-74 years"
A,PC,T,Total,Y25-74,From 25 to 74 years,IE,2015,5.9,,,IE,,2015,education_participation_pct,"Participation rate in education/training, 25-74 years"
A,PC,T,Total,Y25-74,From 25 to 74 years,IE,2016,5.9,,,IE,,2016,education_participation_pct,"Participation rate in education/training, 25-74 years"
A,PC,T,Total,Y25-74,From 25 to 74 years,IE,2017,8.2,b,,IE,,2017,education_participation_pct,"Participation rate in education/training, 25-74 years"
A,PC,T,Total,Y25-74,From 25 to 74 years,IE,2018,11.6,,,IE,,2018,education_participation_pct,"Participation rate in education/training, 25-74 years"
A,PC,T,Total,Y25-74,From 25 to 74 years,IE,2019,11.7,,,IE,,2019,education_participation_pct,"Participation rate in education/training, 25-74 years"
A,PC,T,Total,Y25-74,From 25 to 74 years,IE,2020,10.0,,,IE,,2020,education_participation_pct,"Participation rate in education/training, 25-74 years"
A,PC,T,Total,Y25-74,From 25 to 74 years,IE,2021,12.3,b,,IE,,2021,education_participation_pct,"Participation rate in education/training, 25-74 years"
A,PC,T,Total,Y25-74,From 25 to 74 years,IE,2022,10.8,,,IE,,2022,education_participation_pct,"Participation rate in education/training, 25-74 years"
A,PC,T,Total,Y25-74,From 25 to 74 years,IE,2023,11.3,,,IE,,2023,education_participation_pct,"Participation rate in education/training, 25-74 years"
A,PC,T,Total,Y25-74,From 25 to 74 years,IS,2015,25.6,,,IS,,2015,education_participation_pct,"Participation rate in education/training, 25-74 years"
A,PC,T,Total,Y25-74,From 25 to 74 years,IS,2016,22.5,,,IS,,2016,education_participation_pct,"Participation rate in education/training, 25-74 years"
A,PC,T,Total,Y25-74,From 25 to 74 years,IS,2017,21.4,,,IS,,2017,education_participation_pct,"Participation rate in education/training, 25-74 years"
A,PC,T,Total,Y25-74,From 25 to 74 years,IS,2018,19.6,,,IS,,2018,education_participation_pct,"Participation rate in education/training, 25-74 years"
A,PC,T,Total,Y25-74,From 25 to 74 years,IS,2019,20.1,,,IS,,2019,education_participation_pct,"Participation rate in education/training, 25-74 years"
A,PC,T,Total,Y25-74,From 25 to 74 years,IS,2020,18.4,b,,IS,,2020,education_participation_pct,"Participation rate in education/training, 25-74 years"
A,PC,T,Total,Y25-74,From 25 to 74 years,IS,2021,21.6,b,,IS,,2021,education_participation_pct,"Participation rate in education/training, 25-74 years"
A,PC,T,Total,Y25-74,From 25 to 74 years,IS,2022,24.6,,,IS,,2022,education_participation_pct,"Participation rate in education/training, 25-74 years"
A,PC,T,Total,Y25-74,From 25 to 74 years,IS,2023,23.9,,,IS,,2023,education_participation_pct,"Participation rate in education/training, 25-74 years"
A,PC,T,Total,Y25-74,From 25 to 74 years,IT,2015,6.4,,,IT,,2015,education_participation_pct,"Participation rate in education/training, 25-74 years"
A,PC,T,Total,Y25-74,From 25 to 74 years,IT,2016,7.2,,,IT,,2016,education_participation_pct,"Participation rate in education/training, 25-74 years"
A,PC,T,Total,Y25-74,From 25 to 74 years,IT,2017,6.9,,,IT,,2017,education_participation_pct,"Participation rate in education/training, 25-74 years"
A,PC,T,Total,Y25-74,From 25 to 74 years,IT,2018,7.1,b,,IT,,2018,education_participation_pct,"Participation rate in education/training, 25-74 years"
A,PC,T,Total,Y25-74,From 25 to 74 years,IT,2019,7.1,,,IT,,2019,education_participation_pct,"Participation rate in education/training, 25-74 years"
A,PC,T,Total,Y25-74,From 25 to 74 years,IT,2020,6.1,,,IT,,2020,education_participation_pct,"Participation rate in education/training, 25-74 years"
A,PC,T,Total,Y25-74,From 25 to 74 years,IT,2021,8.4,b,,IT,,2021,education_participation_pct,"Participation rate in education/training, 25-74 years"
A,PC,T,Total,Y25-74,From 25 to 74 years,IT,2022,8.3,,,IT,,2022,education_participation_pct,"Participation rate in education/training, 25-74 years"
A,PC,T,Total,Y25-74,From 25 to 74 years,IT,2023,10.0,,,IT,,2023,education_participation_pct,"Participation rate in education/training, 25-74 years"
A,PC,T,Total,Y25-74,From 25 to 74 years,LT,2015,5.1,,,LT,,2015,education_participation_pct,"Participation rate in education/training, 25-74 years"
A,PC,T,Total,Y25-74,From 25 to 74 years,LT,2016,5.2,,,LT,,2016,education_participation_pct,"Participation rate in education/training, 25-74 years"
A,PC,T,Total,Y25-74,From 25 to 74 years,LT,2017,5.2,,,LT,,2017,education_participation_pct,"Participation rate in education/training, 25-74 years"
A,PC,T,Total,Y25-74,From 25 to 74 years,LT,2018,5.9,,,LT,,2018,education_participation_pct,"Participation rate in education/training, 25-74 years"
A,PC,T,Total,Y25-74,From 25 to 74 years,LT,2019,6.3,,,LT,,2019,education_participation_pct,"Participation rate in education/training, 25-74 years"
A,PC,T,Total,Y25-74,From 25 to 74 years,LT,2020,6.3,,,LT,,2020,education_participation_pct,"Participation rate in education/training, 25-74 years"
A,PC,T,Total,Y25-74,From 25 to 74 years,LT,2021,7.4,b,,LT,,2021,education_participation_pct,"Participation rate in education/training, 25-74 years"
A,PC,T,Total,Y25-74,From 25 to 74 years,LT,2022,7.5,,,LT,,2022,education_participation_pct,"Participation rate in education/training, 25-74 years"
A,PC,T,Total,Y25-74,From 25 to 74 years,LT,2023,9.5,,,LT,,2023,education_participation_pct,"Participation rate in education/training, 25-74 years"
A,PC,T,Total,Y25-74,From 25 to 74 years,LU,2015,16.4,b,,LU,,2015,education_participation_pct,"Participation rate in education/training, 25-74 years"
A,PC,T,Total,Y25-74,From 25 to 74 years,LU,2016,15.4,,,LU,,2016,education_participation_pct,"Participation rate in education/training, 25-74 years"
A,PC,T,Total,Y25-74,From 25 to 74 years,LU,2017,15.5,,,LU,,2017,education_participation_pct,"Participation rate in education/training, 25-74 years"
A,PC,T,Total,Y25-74,From 25 to 74 years,LU,2018,16.3,,,LU,,2018,education_participation_pct,"Participation rate in education/training, 25-74 years"
A,PC,T,Total,Y25-74,From 25 to 74 years,LU,2019,17.2,,,LU,,2019,education_participation_pct,"Participation rate in education/training, 25-74 years"
A,PC,T,Total,Y25-74,From 25 to 74 years,LU,2020,14.6,,,LU,,2020,education_participation_pct,"Participation rate in education/training, 25-74 years"
A,PC,T,Total,Y25-74,From 25 to 74 years,LU,2021,17.9,bu,,LU,,2021,education_participation_pct,"Participation rate in education/training, 25-74 years"
A,PC,T,Total,Y25-74,From 25 to 74 years,LU,2022,17.3,u,,LU,,2022,education_participation_pct,"Participation rate in education/training, 25-74 years"
A,PC,T,Total,Y25-74,From 25 to 74 years,LU,2023,14.6,,,LU,,2023,education_participation_pct,"Participation rate in education/training, 25-74 years"
A,PC,T,Total,Y25-74,From 25 to 74 years,LV,2015,4.9,,,LV,,2015,education_participation_pct,"Participation rate in education/training, 25-74 years"
A,PC,T,Total,Y25-74,From 25 to 74 years,LV,2016,6.4,,,LV,,2016,education_participation_pct,"Participation rate in education/training, 25-74 years"
A,PC,T,Total,Y25-74,From 25 to 74 years,LV,2017,6.4,,,LV,,2017,education_participation_pct,"Participation rate in education/training, 25-74 years"
A,PC,T,Total,Y25-74,From 25 to 74 years,LV,2018,5.7,,,LV,,2018,education_participation_pct,"Participation rate in education/training, 25-74 years"
A,PC,T,Total,Y25-74,From 25 to 74 years,LV,2019,6.3,,,LV,,2019,education_participation_pct,"Participation rate in education/training, 25-74 years"
A,PC,T,Total,Y25-74,From 25 to 74 years,LV,2020,5.7,,,LV,,2020,education_participation_pct,"Participation rate in education/training, 25-74 years"
A,PC,T,Total,Y25-74,From 25 to 74 years,LV,2021,7.3,b,,LV,,2021,education_participation_pct,"Participation rate in education/training, 25-74 years"
A,PC,T,Total,Y25-74,From 25 to 74 years,LV,2022,8.2,,,LV,,2022,education_participation_pct,"Participation rate in education/training, 25-74 years"
A,PC,T,Total,Y25-74,From 25 to 74 years,LV,2023,9.2,,,LV,,2023,education_participation_pct,"Participation rate in education/training, 25-74 years"
A,PC,T,Total,Y25-74,From 25 to 74 years,ME,2015,2.6,,,ME,,2015,education_participation_pct,"Participation rate in education/training, 25-74 years"
A,PC,T,Total,Y25-74,From 25 to 74 years,ME,2016,2.9,,,ME,,2016,education_participation_pct,"Participation rate in education/training, 25-74 years"
A,PC,T,Total,Y25-74,From 25 to 74 years,ME,2017,2.5,,,ME,,2017,education_participation_pct,"Participation rate in education/training, 25-74 years"
A,PC,T,Total,Y25-74,From 25 to 74 years,ME,2018,2.8,,,ME,,2018,education_participation_pct,"Participation rate in education/training, 25-74 years"
A,PC,T,Total,Y25-74,From 25 to 74 years,ME,2019,2.2,,,ME,,2019,education_participation_pct,"Participation rate in education/training, 25-74 years"
A,PC,T,Total,Y25-74,From 25 to 74 years,ME,2020,2.4,,,ME,,2020,education_participation_pct,"Participation rate in education/training, 25-74 years"
A,PC,T,Total,Y25-74,From 25 to 74 years,MK,2015,2.3,,,MK,,2015,education_participation_pct,"Participation rate in education/training, 25-74 years"
A,PC,T,Total,Y25-74,From 25 to 74 years,MK,2016,2.5,,,MK,,2016,education_participation_pct,"Participation rate in education/training, 25-74 years"
A,PC,T,Total,Y25-74,From 25 to 74 years,MK,2017,2.0,,,MK,,2017,education_participation_pct,"Participation rate in education/training, 25-74 years"
A,PC,T,Total,Y25-74,From 25 to 74 years,MK,2018,2.0,,,MK,,2018,education_participation_pct,"Participation rate in education/training, 25-74 years"
A,PC,T,Total,Y25-74,From 25 to 74 years,MK,2019,2.4,,,MK,,2019,education_participation_pct,"Participation rate in education/training, 25-74 years"
A,PC,T,Total,Y25-74,From 25 to 74 years,MK,2020,2.3,,,MK,,2020,education_participation_pct,"Participation rate in education/training, 25-74 years"
A,PC,T,Total,Y25-74,From 25 to 74 years,MT,2015,6.4,,,MT,,2015,education_participation_pct,"Participation rate in education/training, 25-74 years"
A,PC,T,Total,Y25-74,From 25 to 74 years,MT,2016,6.9,,,MT,,2016,education_participation_pct,"Participation rate in education/training, 25-74 years"
A,PC,T,Total,Y25-74,From 25 to 74 years,MT,2017,9.3,b,,MT,,2017,education_participation_pct,"Participation rate in education/training, 25-74 years"
A,PC,T,Total,Y25-74,From 25 to 74 years,MT,2018,9.5,,,MT,,2018,education_participation_pct,"Participation rate in education/training, 25-74 years"
A,PC,T,Total,Y25-74,From 25 to 74 years,MT,2019,10.3,,,MT,,2019,education_participation_pct,"Participation rate in education/training, 25-74 years"
A,PC,T,Total,Y25-74,From 25 to 74 years,MT,2020,9.4,,,MT,,2020,education_participation_pct,"Participation rate in education/training, 25-74 years"
A,PC,T,Total,Y25-74,From 25 to 74 years,MT,2021,12.0,b,,MT,,2021,education_participation_pct,"Participation rate in education/training, 25-74 years"
A,PC,T,Total,Y25-74,From 25 to 74 years,MT,2022,11.4,,,MT,,2022,education_participation_pct,"Participation rate in education/training, 25-74 years"
A,PC,T,Total,Y25-74,From 25 to 74 years,MT,2023,14.5,,,MT,,2023,education_participation_pct,"Participation rate in education/training, 25-74 years"
A,PC,T,Total,Y25-74,From 25 to 74 years,NL,2015,16.5,,,NL,,2015,education_participation_pct,"Participation rate in education/training, 25-74 years"
A,PC,T,Total,Y25-74,From 25 to 74 years,NL,2016,16.4,,,NL,,2016,education_participation_pct,"Participation rate in education/training, 25-74 years"
A,PC,T,Total,Y25-74,From 25 to 74 years,NL,2017,16.6,,,NL,,2017,education_participation_pct,"Participation rate in education/training, 25-74 years"
A,PC,T,Total,Y25-74,From 25 to 74 years,NL,2018,16.6,,,NL,,2018,education_participation_pct,"Participation rate in education/training, 25-74 years"
A,PC,T,Total,Y25-74,From 25 to 74 years,NL,2019,16.9,,,NL,,2019,education_participation_pct,"Participation rate in education/training, 25-74 years"
A,PC,T,Total,Y25-74,From 25 to 74 years,NL,2020,16.2,,,NL,,2020,education_participation_pct,"Participation rate in education/training, 25-74 years"
A,PC,T,Total,Y25-74,From 25 to 74 years,NL,2021,23.2,b,,NL,,2021,education_participation_pct,"Participation rate in education/training, 25-74 years"
A,PC,T,Total,Y25-74,From 25 to 74 years,NL,2022,23.0,,,NL,,2022,education_participation_pct,"Participation rate in education/training, 25-74 years"
A,PC,T,Total,Y25-74,From 25 to 74 years,NL,2023,23.2,,,NL,,2023,education_participation_pct,"Participation rate in education/training, 25-74 years"
A,PC,T,Total,Y25-74,From 25 to 74 years,NO,2015,18.7,,,NO,,2015,education_participation_pct,"Participation rate in education/training, 25-74 years"
A,PC,T,Total,Y25-74,From 25 to 74 years,NO,2016,18.2,,,NO,,2016,education_participation_pct,"Participation rate in education/training, 25-74 years"
A,PC,T,Total,Y25-74,From 25 to 74 years,NO,2017,18.5,,,NO,,2017,education_participation_pct,"Participation rate in education/training, 25-74 years"
A,PC,T,Total,Y25-74,From 25 to 74 years,NO,2018,18.3,,,NO,,2018,education_participation_pct,"Participation rate in education/training, 25-74 years"
A,PC,T,Total,Y25-74,From 25 to 74 years,NO,2019,17.9,,,NO,,2019,education_participation_pct,"Participation rate in education/training, 25-74 years"
A,PC,T,Total,Y25-74,From 25 to 74 years,NO,2020,15.1,,,NO,,2020,education_participation_pct,"Participation rate in education/training, 25-74 years"
A,PC,T,Total,Y25-74,From 25 to 74 years,NO,2021,17.0,b,,NO,,2021,education_participation_pct,"Participation rate in education/training, 25-74 years"
A,PC,T,Total,Y25-74,From 25 to 74 years,NO,2022,18.3,,,NO,,2022,education_participation_pct,"Participation rate in education/training, 25-74 years"
A,PC,T,Total,Y25-74,From 25 to 74 years,NO,2023,19.2,,,NO,,2023,education_participation_pct,"Participation rate in education/training, 25-74 years"
A,PC,T,Total,Y25-74,From 25 to 74 years,PL,2015,3.1,,,PL,,2015,education_participation_pct,"Participation rate in education/training, 25-74 years"
A,PC,T,Total,Y25-74,From 25 to 74 years,PL,2016,3.3,,,PL,,2016,education_participation_pct,"Participation rate in education/training, 25-74 years"
A,PC,T,Total,Y25-74,From 25 to 74 years,PL,2017,3.5,,,PL,,2017,education_participation_pct,"Participation rate in education/training, 25-74 years"
A,PC,T,Total,Y25-74,From 25 to 74 years,PL,2018,5.0,b,,PL,,2018,education_participation_pct,"Participation rate in education/training, 25-74 years"
A,PC,T,Total,Y25-74,From 25 to 74 years,PL,2019,4.3,b,,PL,,2019,education_participation_pct,"Participation rate in education/training, 25-74 years"
A,PC,T,Total,Y25-74,From 25 to 74 years,PL,2020,3.2,,,PL,,2020,education_participation_pct,"Participation rate in education/training, 25-74 years"
A,PC,T,Total,Y25-74,From 25 to 74 years,PL,2021,4.7,b,,PL,,2021,education_participation_pct,"Participation rate in education/training, 25-74 years"
A,PC,T,Total,Y25-74,From 25 to 74 years,PL,2022,6.5,,,PL,,2022,education_participation_pct,"Participation rate in education/training, 25-74 years"
A,PC,T,Total,Y25-74,From 25 to 74 years,PL,2023,7.4,,,PL,,2023,education_participation_pct,"Participation rate in education/training, 25-74 years"
A,PC,T,Total,Y25-74,From 25 to 74 years,PT,2015,8.6,,,PT,,2015,education_participation_pct,"Participation rate in education/training, 25-74 years"
A,PC,T,Total,Y25-74,From 25 to 74 years,PT,2016,8.5,,,PT,,2016,education_participation_pct,"Participation rate in education/training, 25-74 years"
A,PC,T,Total,Y25-74,From 25 to 74 years,PT,2017,8.6,,,PT,,2017,education_participation_pct,"Participation rate in education/training, 25-74 years"
A,PC,T,Total,Y25-74,From 25 to 74 years,PT,2018,8.9,,,PT,,2018,education_participation_pct,"Participation rate in education/training, 25-74 years"
A,PC,T,Total,Y25-74,From 25 to 74 years,PT,2019,9.1,,,PT,,2019,education_participation_pct,"Participation rate in education/training, 25-74 years"
A,PC,T,Total,Y25-74,From 25 to 74 years,PT,2020,8.3,,,PT,,2020,education_participation_pct,"Participation rate in education/training, 25-74 years"
A,PC,T,Total,Y25-74,From 25 to 74 years,PT,2021,10.4,b,,PT,,2021,education_participation_pct,"Participation rate in education/training, 25-74 years"
A,PC,T,Total,Y25-74,From 25 to 74 years,PT,2022,11.3,,,PT,,2022,education_participation_pct,"Participation rate in education/training, 25-74 years"
A,PC,T,Total,Y25-74,From 25 to 74 years,PT,2023,11.3,,,PT,,2023,education_participation_pct,"Participation rate in education/training, 25-74 years"
A,PC,T,Total,Y25-74,From 25 to 74 years,RO,2015,1.1,,,RO,,2015,education_participation_pct,"Participation rate in education/training, 25-74 years"
A,PC,T,Total,Y25-74,From 25 to 74 years,RO,2016,1.0,,,RO,,2016,education_participation_pct,"Participation rate in education/training, 25-74 years"
A,PC,T,Total,Y25-74,From 25 to 74 years,RO,2017,0.9,,,RO,,2017,education_participation_pct,"Participation rate in education/training, 25-74 years"
A,PC,T,Total,Y25-74,From 25 to 74 years,RO,2018,0.8,,,RO,,2018,education_participation_pct,"Participation rate in education/training, 25-74 years"
A,PC,T,Total,Y25-74,From 25 to 74 years,RO,2019,1.1,,,RO,,2019,education_participation_pct,"Participation rate in education/training, 25-74 years"
A,PC,T,Total,Y25-74,From 25 to 74 years,RO,2020,0.9,,,RO,,2020,education_participation_pct,"Participation rate in education/training, 25-74 years"
A,PC,T,Total,Y25-74,From 25 to 74 years,RO,2021,4.1,b,,RO,,2021,education_participation_pct,"Participation rate in education/training, 25-74 years"
A,PC,T,Total,Y25-74,From 25 to 74 years,RO,2022,4.5,,,RO,,2022,education_participation_pct,"Participation rate in education/training, 25-74 years"
A,PC,T,Total,Y25-74,From 25 to 74 years,RO,2023,5.4,,,RO,,2023,education_participation_pct,"Participation rate in education/training, 25-74 years"
A,PC,T,Total,Y25-74,From 25 to 74 years,RS,2015,4.0,,,RS,,2015,education_participation_pct,"Participation rate in education/training, 25-74 years"
A,PC,T,Total,Y25-74,From 25 to 74 years,RS,2016,4.3,,,RS,,2016,education_participation_pct,"Participation rate in education/training, 25-74 years"
A,PC,T,Total,Y25-74,From 25 to 74 years,RS,2017,3.6,,,RS,,2017,education_participation_pct,"Participation rate in education/training, 25-74 years"
A,PC,T,Total,Y25-74,From 25 to 74 years,RS,2018,3.4,,,RS,,2018,education_participation_pct,"Participation rate in education/training, 25-74 years"
A,PC,T,Total,Y25-74,From 25 to 74 years,RS,2019,3.5,,,RS,,2019,education_participation_pct,"Participation rate in education/training, 25-74 years"
A,PC,T,Total,Y25-74,From 25 to 74 years,RS,2020,3.0,,,RS,,2020,education_participation_pct,"Participation rate in education/training, 25-74 years"
A,PC,T,Total,Y25-74,From 25 to 74 years,RS,2021,3.8,b,,RS,,2021,education_participation_pct,"Participation rate in education/training, 25-74 years"
A,PC,T,Total,Y25-74,From 25 to 74 years,RS,2022,4.1,,,RS,,2022,education_participation_pct,"Participation rate in education/training, 25-74 years"
A,PC,T,Total,Y25-74,From 25 to 74 years,RS,2023,4.8,,,RS,,2023,education_participation_pct,"Participation rate in education/training, 25-74 years"
A,PC,T,Total,Y25-74,From 25 to 74 years,SE,2015,27.0,,,SE,,2015,education_participation_pct,"Participation rate in education/training, 25-74 years"
A,PC,T,Total,Y25-74,From 25 to 74 years,SE,2016,26.9,,,SE,,2016,education_participation_pct,"Participation rate in education/training, 25-74 years"
A,PC,T,Total,Y25-74,From 25 to 74 years,SE,2017,27.8,,,SE,,2017,education_participation_pct,"Participation rate in education/training, 25-74 years"
A,PC,T,Total,Y25-74,From 25 to 74 years,SE,2018,28.9,b,,SE,,2018,education_participation_pct,"Participation rate in education/training, 25-74 years"
A,PC,T,Total,Y25-74,From 25 to 74 years,SE,2019,31.8,,,SE,,2019,education_participation_pct,"Participation rate in education/training, 25-74 years"
A,PC,T,Total,Y25-74,From 25 to 74 years,SE,2020,25.9,,,SE,,2020,education_participation_pct,"Participation rate in education/training, 25-74 years"
A,PC,T,Total,Y25-74,From 25 to 74 years,SE,2021,30.7,b,,SE,,2021,education_participation_pct,"Participation rate in education/training, 25-74 years"
A,PC,T,Total,Y25-74,From 25 to 74 years,SE,2022,32.7,,,SE,,2022,education_participation_pct,"Participation rate in education/training, 25-74 years"
A,PC,T,Total,Y25-74,From 25 to 74 years,SE,2023,35.6,,,SE,,2023,education_participation_pct,"Participation rate in education/training, 25-74 years"
A,PC,T,Total,Y25-74,From 25 to 74 years,SI,2015,10.7,,,SI,,2015,education_participation_pct,"Participation rate in education/training, 25-74 years"
A,PC,T,Total,Y25-74,From 25 to 74 years,SI,2016,10.4,,,SI,,2016,education_participation_pct,"Participation rate in education/training, 25-74 years"
A,PC,T,Total,Y25-74,From 25 to 74 years,SI,2017,10.7,,,SI,,2017,education_participation_pct,"Participation rate in education/training, 25-74 years"
A,PC,T,Total,Y25-74,From 25 to 74 years,SI,2018,10.2,,,SI,,2018,education_participation_pct,"Participation rate in education/training, 25-74 years"
A,PC,T,Total,Y25-74,From 25 to 74 years,SI,2019,10.0,,,SI,,2019,education_participation_pct,"Participation rate in education/training, 25-74 years"
A,PC,T,Total,Y25-74,From 25 to 74 years,SI,2020,7.3,,,SI,,2020,education_participation_pct,"Participation rate in education/training, 25-74 years"
A,PC,T,Total,Y25-74,From 25 to 74 years,SI,2021,16.4,b,,SI,,2021,education_participation_pct,"Participation rate in education/training, 25-74 years"
A,PC,T,Total,Y25-74,From 25 to 74 years,SI,2022,19.5,,,SI,,2022,education_participation_pct,"Participation rate in education/training, 25-74 years"
A,PC,T,Total,Y25-74,From 25 to 74 years,SI,2023,17.6,b,,SI,,2023,education_participation_pct,"Participation rate in education/training, 25-74 years"
A,PC,T,Total,Y25-74,From 25 to 74 years,SK,2015,2.7,,,SK,,2015,education_participation_pct,"Participation rate in education/training, 25-74 years"
A,PC,T,Total,Y25-74,From 25 to 74 years,SK,2016,2.6,,,SK,,2016,education_participation_pct,"Participation rate in education/training, 25-74 years"
A,PC,T,Total,Y25-74,From 25 to 74 years,SK,2017,3.0,,,SK,,2017,education_participation_pct,"Participation rate in education/training, 25-74 years"
A,PC,T,Total,Y25-74,From 25 to 74 years,SK,2018,3.5,,,SK,,2018,education_participation_pct,"Participation rate in education/training, 25-74 years"
A,PC,T,Total,Y25-74,From 25 to 74 years,SK,2019,3.2,,,SK,,2019,education_participation_pct,"Participation rate in education/training, 25-74 years"
A,PC,T,Total,Y25-74,From 25 to 74 years,SK,2020,2.4,,,SK,,2020,education_participation_pct,"Participation rate in education/training, 25-74 years"
A,PC,T,Total,Y25-74,From 25 to 74 years,SK,2021,4.1,b,,SK,,2021,education_participation_pct,"Participation rate in education/training, 25-74 years"
A,PC,T,Total,Y25-74,From 25 to 74 years,SK,2022,10.9,b,,SK,,2022,education_participation_pct,"Participation rate in education/training, 25-74 years"
A,PC,T,Total,Y25-74,From 25 to 74 years,SK,2023,8.9,,,SK,,2023,education_participation_pct,"Participation rate in education/training, 25-74 years"
A,PC,T,Total,Y25-74,From 25 to 74 years,TR,2015,5.0,,,TR,,2015,education_participation_pct,"Participation rate in education/training, 25-74 years"
A,PC,T,Total,Y25-74,From 25 to 74 years,TR,2016,5.3,,,TR,,2016,education_participation_pct,"Participation rate in education/training, 25-74 years"
A,PC,T,Total,Y25-74,From 25 to 74 years,TR,2017,5.3,,,TR,,2017,education_participation_pct,"Participation rate in education/training, 25-74 years"
A,PC,T,Total,Y25-74,From 25 to 74 years,TR,2018,5.6,,,TR,,2018,education_participation_pct,"Participation rate in education/training, 25-74 years"
A,PC,T,Total,Y25-74,From 25 to 74 years,TR,2019,5.1,,,TR,,2019,education_participation_pct,"Participation rate in education/training, 25-74 years"
A,PC,T,Total,Y25-74,From 25 to 74 years,TR,2020,5.2,,,TR,,2020,education_participation_pct,"Participation rate in education/training, 25-74 years"
A,PC,T,Total,Y25-74,From 25 to 74 years,TR,2021,5.8,b,,TR,,2021,education_participation_pct,"Participation rate in education/training, 25-74 years"
A,PC,T,Total,Y25-74,From 25 to 74 years,TR,2022,6.0,,,TR,,2022,education_participation_pct,"Participation rate in education/training, 25-74 years"
A,PC,T,Total,Y25-74,From 25 to 74 years,TR,2023,6.7,,,TR,,2023,education_participation_pct,"Participation rate in education/training, 25-74 years"
A,PC,T,Total,Y25-74,From 25 to 74 years,UK,2015,14.3,,,UK,,2015,education_participation_pct,"Participation rate in education/training, 25-74 years"
A,PC,T,Total,Y25-74,From 25 to 74 years,UK,2016,12.9,,,UK,,2016,education_participation_pct,"Participation rate in education/training, 25-74 years"
A,PC,T,Total,Y25-74,From 25 to 74 years,UK,2017,12.8,,,UK,,2017,education_participation_pct,"Participation rate in education/training, 25-74 years"
A,PC,T,Total,Y25-74,From 25 to 74 years,UK,2018,13.1,,,UK,,2018,education_participation_pct,"Participation rate in education/training, 25-74 years"
A,PC,T,Total,Y25-74,From 25 to 74 years,UK,2019,13.3,,,UK,,2019,education_participation_pct,"Participation rate in education/training, 25-74 years"
