STRUCTURE,STRUCTURE_ID,STRUCTURE_NAME,freq,Time frequency,unit,Unit of measure,airpol,Air pollutants and greenhouse gases,src_nfr,"Source sectors for emissions of air pollutants (Nomenclature for reporting, CLRTAP)",geo,Geopolitical entity (reporting),TIME_PERIOD,Time,OBS_VALUE,Observation value,OBS_FLAG,Observation status (Flag) V2 structure,CONF_STATUS,Confidentiality status (flag)
dataflow,ESTAT:ENV_AIR_EMIS(1.0),Air pollutants by source sector,A,Annual,T,Tonne,CO,Carbon monoxide,NFR1A1A,Public electricity and heat production,AT,Austria,2014,,3880,,,,,
dataflow,ESTAT:ENV_AIR_EMIS(1.0),Air pollutants by source sector,A,Annual,T,Tonne,CO,Carbon monoxide,NFR1A1A,Public electricity and heat production,AT,Austria,2015,,4200,,,,,
dataflow,ESTAT:ENV_AIR_EMIS(1.0),Air pollutants by source sector,A,Annual,T,Tonne,CO,Carbon monoxide,NFR1A1A,Public electricity and heat production,AT,Austria,2016,,4010,,,,,
dataflow,ESTAT:ENV_AIR_EMIS(1.0),Air pollutants by source sector,A,Annual,T,Tonne,CO,Carbon monoxide,NFR1A1A,Public electricity and heat production,AT,Austria,2017,,4210,,,,,
dataflow,ESTAT:ENV_AIR_EMIS(1.0),Air pollutants by source sector,A,Annual,T,Tonne,CO,Carbon monoxide,NFR1A1A,Public electricity and heat production,AT,Austria,2018,,4080,,,,,
dataflow,ESTAT:ENV_AIR_EMIS(1.0),Air pollutants by source sector,A,Annual,T,Tonne,CO,Carbon monoxide,NFR1A1A,Public electricity and heat production,AT,Austria,2019,,3950,,,,,
dataflow,ESTAT:ENV_AIR_EMIS(1.0),Air pollutants by source sector,A,Annual,T,Tonne,CO,Carbon monoxide,NFR1A1A,Public electricity and heat production,AT,Austria,2020,,3990,,,,,
dataflow,ESTAT:ENV_AIR_EMIS(1.0),Air pollutants by source sector,A,Annual,T,Tonne,CO,Carbon monoxide,NFR1A1A,Public electricity and heat production,AT,Austria,2021,,4310,,,,,
dataflow,ESTAT:ENV_AIR_EMIS(1.0),Air pollutants by source sector,A,Annual,T,Tonne,CO,Carbon monoxide,NFR1A1A,Public electricity and heat production,AT,Austria,2022,,4220,,,,,
dataflow,ESTAT:ENV_AIR_EMIS(1.0),Air pollutants by source sector,A,Annual,T,Tonne,CO,Carbon monoxide,NFR1A1A,Public electricity and heat production,AT,Austria,2023,,3930,,,,,
dataflow,ESTAT:ENV_AIR_EMIS(1.0),Air pollutants by source sector,A,Annual,T,Tonne,CO,Carbon monoxide,NFR1A1A,Public electricity and heat production,BE,Belgium,2014,,2430,,,,,
dataflow,ESTAT:ENV_AIR_EMIS(1.0),Air pollutants by source sector,A,Annual,T,Tonne,CO,Carbon monoxide,NFR1A1A,Public electricity and heat production,BE,Belgium,2015,,2300,,,,,
dataflow,ESTAT:ENV_AIR_EMIS(1.0),Air pollutants by source sector,A,Annual,T,Tonne,CO,Carbon monoxide,NFR1A1A,Public electricity and heat production,BE,Belgium,2016,,2190,,,,,
dataflow,ESTAT:ENV_AIR_EMIS(1.0),Air pollutants by source sector,A,Annual,T,Tonne,CO,Carbon monoxide,NFR1A1A,Public electricity and heat production,BE,Belgium,2017,,2490,,,,,
dataflow,ESTAT:ENV_AIR_EMIS(1.0),Air pollutants by source sector,A,Annual,T,Tonne,CO,Carbon monoxide,NFR1A1A,Public electricity and heat production,BE,Belgium,2018,,2150,,,,,
dataflow,ESTAT:ENV_AIR_EMIS(1.0),Air pollutants by source sector,A,Annual,T,Tonne,CO,Carbon monoxide,NFR1A1A,Public electricity and heat production,BE,Belgium,2019,,1760,,,,,
dataflow,ESTAT:ENV_AIR_EMIS(1.0),Air pollutants by source sector,A,Annual,T,Tonne,CO,Carbon monoxide,NFR1A1A,Public electricity and heat production,BE,Belgium,2020,,1960,,,,,
dataflow,ESTAT:ENV_AIR_EMIS(1.0),Air pollutants by source sector,A,Annual,T,Tonne,CO,Carbon monoxide,NFR1A1A,Public electricity and heat production,BE,Belgium,2021,,1980,,,,,
dataflow,ESTAT:ENV_AIR_EMIS(1.0),Air pollutants by source sector,A,Annual,T,Tonne,CO,Carbon monoxide,NFR1A1A,Public electricity and heat production,BE,Belgium,2022,,2010,,,,,
dataflow,ESTAT:ENV_AIR_EMIS(1.0),Air pollutants by source sector,A,Annual,T,Tonne,CO,Carbon monoxide,NFR1A1A,Public electricity and heat production,BE,Belgium,2023,,1730,,,,,
dataflow,ESTAT:ENV_AIR_EMIS(1.0),Air pollutants by source sector,A,Annual,T,Tonne,CO,Carbon monoxide,NFR1A1A,Public electricity and heat production,BG,Bulgaria,2014,,4530,,,,,
dataflow,ESTAT:ENV_AIR_EMIS(1.0),Air pollutants by source sector,A,Annual,T,Tonne,CO,Carbon monoxide,NFR1A1A,Public electricity and heat production,BG,Bulgaria,2015,,3500,,,,,
dataflow,ESTAT:ENV_AIR_EMIS(1.0),Air pollutants by source sector,A,Annual,T,Tonne,CO,Carbon monoxide,NFR1A1A,Public electricity and heat production,BG,Bulgaria,2016,,3170,,,,,
dataflow,ESTAT:ENV_AIR_EMIS(1.0),Air pollutants by source sector,A,Annual,T,Tonne,CO,Carbon monoxide,NFR1A1A,Public electricity and heat production,BG,Bulgaria,2017,,3380,,,,,
dataflow,ESTAT:ENV_AIR_EMIS(1.0),Air pollutants by source sector,A,Annual,T,Tonne,CO,Carbon monoxide,NFR1A1A,Public electricity and heat production,BG,Bulgaria,2018,,3540,,,,,
dataflow,ESTAT:ENV_AIR_EMIS(1.0),Air pollutants by source sector,A,Annual,T,Tonne,CO,Carbon monoxide,NFR1A1A,Public electricity and heat production,BG,Bulgaria,2019,,4100,,,,,
dataflow,ESTAT:ENV_AIR_EMIS(1.0),Air pollutants by source sector,A,Annual,T,Tonne,CO,Carbon monoxide,NFR1A1A,Public electricity and heat production,BG,Bulgaria,2020,,3760,,,,,
dataflow,ESTAT:ENV_AIR_EMIS(1.0),Air pollutants by source sector,A,Annual,T,Tonne,CO,Carbon monoxide,NFR1A1A,Public electricity and heat production,BG,Bulgaria,2021,,5480,,,,,
dataflow,ESTAT:ENV_AIR_EMIS(1.0),Air pollutants by source sector,A,Annual,T,Tonne,CO,Carbon monoxide,NFR1A1A,Public electricity and heat production,BG,Bulgaria,2022,,5110,,,,,
dataflow,ESTAT:ENV_AIR_EMIS(1.0),Air pollutants by source sector,A,Annual,T,Tonne,CO,Carbon monoxide,NFR1A1A,Public electricity and heat production,BG,Bulgaria,2023,,3840,,,,,
dataflow,ESTAT:ENV_AIR_EMIS(1.0),Air pollutants by source sector,A,Annual,T,Tonne,CO,Carbon monoxide,NFR1A1A,Public electricity and heat production,CH,Switzerland,2014,,560,,,,,
dataflow,ESTAT:ENV_AIR_EMIS(1.0),Air pollutants by source sector,A,Annual,T,Tonne,CO,Carbon monoxide,NFR1A1A,Public electricity and heat production,CH,Switzerland,2015,,550,,,,,
dataflow,ESTAT:ENV_AIR_EMIS(1.0),Air pollutants by source sector,A,Annual,T,Tonne,CO,Carbon monoxide,NFR1A1A,Public electricity and heat production,CH,Switzerland,2016,,560,,,,,
dataflow,ESTAT:ENV_AIR_EMIS(1.0),Air pollutants by source sector,A,Annual,T,Tonne,CO,Carbon monoxide,NFR1A1A,Public electricity and heat production,CH,Switzerland,2017,,550,,,,,
dataflow,ESTAT:ENV_AIR_EMIS(1.0),Air pollutants by source sector,A,Annual,T,Tonne,CO,Carbon monoxide,NFR1A1A,Public electricity and heat production,CH,Switzerland,2018,,520,,,,,
dataflow,ESTAT:ENV_AIR_EMIS(1.0),Air pollutants by source sector,A,Annual,T,Tonne,CO,Carbon monoxide,NFR1A1A,Public electricity and heat production,CH,Switzerland,2019,,520,,,,,
dataflow,ESTAT:ENV_AIR_EMIS(1.0),Air pollutants by source sector,A,Annual,T,Tonne,CO,Carbon monoxide,NFR1A1A,Public electricity and heat production,CH,Switzerland,2020,,520,,,,,
dataflow,ESTAT:ENV_AIR_EMIS(1.0),Air pollutants by source sector,A,Annual,T,Tonne,CO,Carbon monoxide,NFR1A1A,Public electricity and heat production,CH,Switzerland,2021,,550,,,,,
dataflow,ESTAT:ENV_AIR_EMIS(1.0),Air pollutants by source sector,A,Annual,T,Tonne,CO,Carbon monoxide,NFR1A1A,Public electricity and heat production,CH,Switzerland,2022,,530,,,,,
dataflow,ESTAT:ENV_AIR_EMIS(1.0),Air pollutants by source sector,A,Annual,T,Tonne,CO,Carbon monoxide,NFR1A1A,Public electricity and heat production,CH,Switzerland,2023,,580,,,,,
dataflow,ESTAT:ENV_AIR_EMIS(1.0),Air pollutants by source sector,A,Annual,T,Tonne,CO,Carbon monoxide,NFR1A1A,Public electricity and heat production,CY,Cyprus,2014,,580,,,,,
dataflow,ESTAT:ENV_AIR_EMIS(1.0),Air pollutants by source sector,A,Annual,T,Tonne,CO,Carbon monoxide,NFR1A1A,Public electricity and heat production,CY,Cyprus,2015,,440,,,,,
dataflow,ESTAT:ENV_AIR_EMIS(1.0),Air pollutants by source sector,A,Annual,T,Tonne,CO,Carbon monoxide,NFR1A1A,Public electricity and heat production,CY,Cyprus,2016,,440,,,,,
dataflow,ESTAT:ENV_AIR_EMIS(1.0),Air pollutants by source sector,A,Annual,T,Tonne,CO,Carbon monoxide,NFR1A1A,Public electricity and heat production,CY,Cyprus,2017,,360,,,,,
dataflow,ESTAT:ENV_AIR_EMIS(1.0),Air pollutants by source sector,A,Annual,T,Tonne,CO,Carbon monoxide,NFR1A1A,Public electricity and heat production,CY,Cyprus,2018,,310,,,,,
dataflow,ESTAT:ENV_AIR_EMIS(1.0),Air pollutants by source sector,A,Annual,T,Tonne,CO,Carbon monoxide,NFR1A1A,Public electricity and heat production,CY,Cyprus,2019,,370,,,,,
dataflow,ESTAT:ENV_AIR_EMIS(1.0),Air pollutants by source sector,A,Annual,T,Tonne,CO,Carbon monoxide,NFR1A1A,Public electricity and heat production,CY,Cyprus,2020,,360,,,,,
dataflow,ESTAT:ENV_AIR_EMIS(1.0),Air pollutants by source sector,A,Annual,T,Tonne,CO,Carbon monoxide,NFR1A1A,Public electricity and heat production,CY,Cyprus,2021,,400,,,,,
dataflow,ESTAT:ENV_AIR_EMIS(1.0),Air pollutants by source sector,A,Annual,T,Tonne,CO,Carbon monoxide,NFR1A1A,Public electricity and heat production,CY,Cyprus,2022,,410,,,,,
dataflow,ESTAT:ENV_AIR_EMIS(1.0),Air pollutants by source sector,A,Annual,T,Tonne,CO,Carbon monoxide,NFR1A1A,Public electricity and heat production,CY,Cyprus,2023,,340,,,,,
dataflow,ESTAT:ENV_AIR_EMIS(1.0),Air pollutants by source sector,A,Annual,T,Tonne,CO,Carbon monoxide,NFR1A1A,Public electricity and heat production,CZ,Czechia,2014,,7960,,,,,
dataflow,ESTAT:ENV_AIR_EMIS(1.0),Air pollutants by source sector,A,Annual,T,Tonne,CO,Carbon monoxide,NFR1A1A,Public electricity and heat production,CZ,Czechia,2015,,8510,,,,,
dataflow,ESTAT:ENV_AIR_EMIS(1.0),Air pollutants by source sector,A,Annual,T,Tonne,CO,Carbon monoxide,NFR1A1A,Public electricity and heat production,CZ,Czechia,2016,,9980,,,,,
dataflow,ESTAT:ENV_AIR_EMIS(1.0),Air pollutants by source sector,A,Annual,T,Tonne,CO,Carbon monoxide,NFR1A1A,Public electricity and heat production,CZ,Czechia,2017,,9620,,,,,
dataflow,ESTAT:ENV_AIR_EMIS(1.0),Air pollutants by source sector,A,Annual,T,Tonne,CO,Carbon monoxide,NFR1A1A,Public electricity and heat production,CZ,Czechia,2018,,9740,,,,,
dataflow,ESTAT:ENV_AIR_EMIS(1.0),Air pollutants by source sector,A,Annual,T,Tonne,CO,Carbon monoxide,NFR1A1A,Public electricity and heat production,CZ,Czechia,2019,,9520,,,,,
dataflow,ESTAT:ENV_AIR_EMIS(1.0),Air pollutants by source sector,A,Annual,T,Tonne,CO,Carbon monoxide,NFR1A1A,Public electricity and heat production,CZ,Czechia,2020,,8370,,,,,
dataflow,ESTAT:ENV_AIR_EMIS(1.0),Air pollutants by source sector,A,Annual,T,Tonne,CO,Carbon monoxide,NFR1A1A,Public electricity and heat production,CZ,Czechia,2021,,10580,,,,,
dataflow,ESTAT:ENV_AIR_EMIS(1.0),Air pollutants by source sector,A,Annual,T,Tonne,CO,Carbon monoxide,NFR1A1A,Public electricity and heat production,CZ,Czechia,2022,,11330,,,,,
dataflow,ESTAT:ENV_AIR_EMIS(1.0),Air pollutants by source sector,A,Annual,T,Tonne,CO,Carbon monoxide,NFR1A1A,Public electricity and heat production,CZ,Czechia,2023,,8780,,,,,
dataflow,ESTAT:ENV_AIR_EMIS(1.0),Air pollutants by source sector,A,Annual,T,Tonne,CO,Carbon monoxide,NFR1A1A,Public electricity and heat production,DE,Germany,2014,,116490,,,,,
dataflow,ESTAT:ENV_AIR_EMIS(1.0),Air pollutants by source sector,A,Annual,T,Tonne,CO,Carbon monoxide,NFR1A1A,Public electricity and heat production,DE,Germany,2015,,114630,,,,,
dataflow,ESTAT:ENV_AIR_EMIS(1.0),Air pollutants by source sector,A,Annual,T,Tonne,CO,Carbon monoxide,NFR1A1A,Public electricity and heat production,DE,Germany,2016,,110480,,,,,
dataflow,ESTAT:ENV_AIR_EMIS(1.0),Air pollutants by source sector,A,Annual,T,Tonne,CO,Carbon monoxide,NFR1A1A,Public electricity and heat production,DE,Germany,2017,,107850,,,,,
dataflow,ESTAT:ENV_AIR_EMIS(1.0),Air pollutants by source sector,A,Annual,T,Tonne,CO,Carbon monoxide,NFR1A1A,Public electricity and heat production,DE,Germany,2018,,105600,,,,,
dataflow,ESTAT:ENV_AIR_EMIS(1.0),Air pollutants by source sector,A,Annual,T,Tonne,CO,Carbon monoxide,NFR1A1A,Public electricity and heat production,DE,Germany,2019,,95100,,,,,
dataflow,ESTAT:ENV_AIR_EMIS(1.0),Air pollutants by source sector,A,Annual,T,Tonne,CO,Carbon monoxide,NFR1A1A,Public electricity and heat production,DE,Germany,2020,,89060,,,,,
dataflow,ESTAT:ENV_AIR_EMIS(1.0),Air pollutants by source sector,A,Annual,T,Tonne,CO,Carbon monoxide,NFR1A1A,Public electricity and heat production,DE,Germany,2021,,93860,,,,,
dataflow,ESTAT:ENV_AIR_EMIS(1.0),Air pollutants by source sector,A,Annual,T,Tonne,CO,Carbon monoxide,NFR1A1A,Public electricity and heat production,DE,Germany,2022,,94230,,,,,
dataflow,ESTAT:ENV_AIR_EMIS(1.0),Air pollutants by source sector,A,Annual,T,Tonne,CO,Carbon monoxide,NFR1A1A,Public electricity and heat production,DE,Germany,2023,,81770,,,,,
dataflow,ESTAT:ENV_AIR_EMIS(1.0),Air pollutants by source sector,A,Annual,T,Tonne,CO,Carbon monoxide,NFR1A1A,Public electricity and heat production,DK,Denmark,2014,,9910,,,,,
dataflow,ESTAT:ENV_AIR_EMIS(1.0),Air pollutants by source sector,A,Annual,T,Tonne,CO,Carbon monoxide,NFR1A1A,Public electricity and heat production,DK,Denmark,2015,,10920,,,,,
dataflow,ESTAT:ENV_AIR_EMIS(1.0),Air pollutants by source sector,A,Annual,T,Tonne,CO,Carbon monoxide,NFR1A1A,Public electricity and heat production,DK,Denmark,2016,,11930,,,,,
dataflow,ESTAT:ENV_AIR_EMIS(1.0),Air pollutants by source sector,A,Annual,T,Tonne,CO,Carbon monoxide,NFR1A1A,Public electricity and heat production,DK,Denmark,2017,,13290,,,,,
dataflow,ESTAT:ENV_AIR_EMIS(1.0),Air pollutants by source sector,A,Annual,T,Tonne,CO,Carbon monoxide,NFR1A1A,Public electricity and heat production,DK,Denmark,2018,,13780,,,,,
dataflow,ESTAT:ENV_AIR_EMIS(1.0),Air pollutants by source sector,A,Annual,T,Tonne,CO,Carbon monoxide,NFR1A1A,Public electricity and heat production,DK,Denmark,2019,,13390,,,,,
dataflow,ESTAT:ENV_AIR_EMIS(1.0),Air pollutants by source sector,A,Annual,T,Tonne,CO,Carbon monoxide,NFR1A1A,Public electricity and heat production,DK,Denmark,2020,,13420,,,,,
dataflow,ESTAT:ENV_AIR_EMIS(1.0),Air pollutants by source sector,A,Annual,T,Tonne,CO,Carbon monoxide,NFR1A1A,Public electricity and heat production,DK,Denmark,2021,,16220,,,,,
dataflow,ESTAT:ENV_AIR_EMIS(1.0),Air pollutants by source sector,A,Annual,T,Tonne,CO,Carbon monoxide,NFR1A1A,Public electricity and heat production,DK,Denmark,2022,,12640,,,,,
dataflow,ESTAT:ENV_AIR_EMIS(1.0),Air pollutants by source sector,A,Annual,T,Tonne,CO,Carbon monoxide,NFR1A1A,Public electricity and heat production,DK,Denmark,2023,,12630,,,,,
dataflow,ESTAT:ENV_AIR_EMIS(1.0),Air pollutants by source sector,A,Annual,T,Tonne,CO,Carbon monoxide,NFR1A1A,Public electricity and heat production,EE,Estonia,2014,,1830,,,,,
dataflow,ESTAT:ENV_AIR_EMIS(1.0),Air pollutants by source sector,A,Annual,T,Tonne,CO,Carbon monoxide,NFR1A1A,Public electricity and heat production,EE,Estonia,2015,,2190,,,,,
dataflow,ESTAT:ENV_AIR_EMIS(1.0),Air pollutants by source sector,A,Annual,T,Tonne,CO,Carbon monoxide,NFR1A1A,Public electricity and heat production,EE,Estonia,2016,,3450,,,,,
dataflow,ESTAT:ENV_AIR_EMIS(1.0),Air pollutants by source sector,A,Annual,T,Tonne,CO,Carbon monoxide,NFR1A1A,Public electricity and heat production,EE,Estonia,2017,,3890,,,,,
dataflow,ESTAT:ENV_AIR_EMIS(1.0),Air pollutants by source sector,A,Annual,T,Tonne,CO,Carbon monoxide,NFR1A1A,Public electricity and heat production,EE,Estonia,2018,,3770,,,,,
dataflow,ESTAT:ENV_AIR_EMIS(1.0),Air pollutants by source sector,A,Annual,T,Tonne,CO,Carbon monoxide,NFR1A1A,Public electricity and heat production,EE,Estonia,2019,,3580,,,,,
dataflow,ESTAT:ENV_AIR_EMIS(1.0),Air pollutants by source sector,A,Annual,T,Tonne,CO,Carbon monoxide,NFR1A1A,Public electricity and heat production,EE,Estonia,2020,,3250,,,,,
dataflow,ESTAT:ENV_AIR_EMIS(1.0),Air pollutants by source sector,A,Annual,T,Tonne,CO,Carbon monoxide,NFR1A1A,Public electricity and heat production,EE,Estonia,2021,,2690,,,,,
dataflow,ESTAT:ENV_AIR_EMIS(1.0),Air pollutants by source sector,A,Annual,T,Tonne,CO,Carbon monoxide,NFR1A1A,Public electricity and heat production,EE,Estonia,2022,,3340,,,,,
dataflow,ESTAT:ENV_AIR_EMIS(1.0),Air pollutants by source sector,A,Annual,T,Tonne,CO,Carbon monoxide,NFR1A1A,Public electricity and heat production,EE,Estonia,2023,,2860,,,,,
dataflow,ESTAT:ENV_AIR_EMIS(1.0),Air pollutants by source sector,A,Annual,T,Tonne,CO,Carbon monoxide,NFR1A1A,Public electricity and heat production,EL,Greece,2014,,15650,,,,,
dataflow,ESTAT:ENV_AIR_EMIS(1.0),Air pollutants by source sector,A,Annual,T,Tonne,CO,Carbon monoxide,NFR1A1A,Public electricity and heat production,EL,Greece,2015,,17280,,,,,
dataflow,ESTAT:ENV_AIR_EMIS(1.0),Air pollutants by source sector,A,Annual,T,Tonne,CO,Carbon monoxide,NFR1A1A,Public electricity and heat production,EL,Greece,2016,,14020,,,,,
dataflow,ESTAT:ENV_AIR_EMIS(1.0),Air pollutants by source sector,A,Annual,T,Tonne,CO,Carbon monoxide,NFR1A1A,Public electricity and heat production,EL,Greece,2017,,15350,,,,,
dataflow,ESTAT:ENV_AIR_EMIS(1.0),Air pollutants by source sector,A,Annual,T,Tonne,CO,Carbon monoxide,NFR1A1A,Public electricity and heat production,EL,Greece,2018,,15630,,,,,
dataflow,ESTAT:ENV_AIR_EMIS(1.0),Air pollutants by source sector,A,Annual,T,Tonne,CO,Carbon monoxide,NFR1A1A,Public electricity and heat production,EL,Greece,2019,,13330,,,,,
dataflow,ESTAT:ENV_AIR_EMIS(1.0),Air pollutants by source sector,A,Annual,T,Tonne,CO,Carbon monoxide,NFR1A1A,Public electricity and heat production,EL,Greece,2020,,6650,,,,,
dataflow,ESTAT:ENV_AIR_EMIS(1.0),Air pollutants by source sector,A,Annual,T,Tonne,CO,Carbon monoxide,NFR1A1A,Public electricity and heat production,EL,Greece,2021,,6500,,,,,
dataflow,ESTAT:ENV_AIR_EMIS(1.0),Air pollutants by source sector,A,Annual,T,Tonne,CO,Carbon monoxide,NFR1A1A,Public electricity and heat production,EL,Greece,2022,,6460,,,,,
dataflow,ESTAT:ENV_AIR_EMIS(1.0),Air pollutants by source sector,A,Annual,T,Tonne,CO,Carbon monoxide,NFR1A1A,Public electricity and heat production,EL,Greece,2023,,5490,,,,,
dataflow,ESTAT:ENV_AIR_EMIS(1.0),Air pollutants by source sector,A,Annual,T,Tonne,CO,Carbon monoxide,NFR1A1A,Public electricity and heat production,ES,Spain,2014,,26790,,,,,
dataflow,ESTAT:ENV_AIR_EMIS(1.0),Air pollutants by source sector,A,Annual,T,Tonne,CO,Carbon monoxide,NFR1A1A,Public electricity and heat production,ES,Spain,2015,,25120,,,,,
dataflow,ESTAT:ENV_AIR_EMIS(1.0),Air pollutants by source sector,A,Annual,T,Tonne,CO,Carbon monoxide,NFR1A1A,Public electricity and heat production,ES,Spain,2016,,24010,,,,,
dataflow,ESTAT:ENV_AIR_EMIS(1.0),Air pollutants by source sector,A,Annual,T,Tonne,CO,Carbon monoxide,NFR1A1A,Public electricity and heat production,ES,Spain,2017,,35350,,,,,
dataflow,ESTAT:ENV_AIR_EMIS(1.0),Air pollutants by source sector,A,Annual,T,Tonne,CO,Carbon monoxide,NFR1A1A,Public electricity and heat production,ES,Spain,2018,,30940,,,,,
dataflow,ESTAT:ENV_AIR_EMIS(1.0),Air pollutants by source sector,A,Annual,T,Tonne,CO,Carbon monoxide,NFR1A1A,Public electricity and heat production,ES,Spain,2019,,24920,,,,,
dataflow,ESTAT:ENV_AIR_EMIS(1.0),Air pollutants by source sector,A,Annual,T,Tonne,CO,Carbon monoxide,NFR1A1A,Public electricity and heat production,ES,Spain,2020,,25950,,,,,
dataflow,ESTAT:ENV_AIR_EMIS(1.0),Air pollutants by source sector,A,Annual,T,Tonne,CO,Carbon monoxide,NFR1A1A,Public electricity and heat production,ES,Spain,2021,,29880,,,,,
dataflow,ESTAT:ENV_AIR_EMIS(1.0),Air pollutants by source sector,A,Annual,T,Tonne,CO,Carbon monoxide,NFR1A1A,Public electricity and heat production,ES,Spain,2022,,34410,,,,,
dataflow,ESTAT:ENV_AIR_EMIS(1.0),Air pollutants by source sector,A,Annual,T,Tonne,CO,Carbon monoxide,NFR1A1A,Public electricity and heat production,ES,Spain,2023,,33550,,,,,
dataflow,ESTAT:ENV_AIR_EMIS(1.0),Air pollutants by source sector,A,Annual,T,Tonne,CO,Carbon monoxide,NFR1A1A,Public electricity and heat production,EU27_2020,European Union - 27 countries (from 2020),2014,,346330,,,,,
dataflow,ESTAT:ENV_AIR_EMIS(1.0),Air pollutants by source sector,A,Annual,T,Tonne,CO,Carbon monoxide,NFR1A1A,Public electricity and heat production,EU27_2020,European Union - 27 countries (from 2020),2015,,357980,,,,,
dataflow,ESTAT:ENV_AIR_EMIS(1.0),Air pollutants by source sector,A,Annual,T,Tonne,CO,Carbon monoxide,NFR1A1A,Public electricity and heat production,EU27_2020,European Union - 27 countries (from 2020),2016,,362090,,,,,
dataflow,ESTAT:ENV_AIR_EMIS(1.0),Air pollutants by source sector,A,Annual,T,Tonne,CO,Carbon monoxide,NFR1A1A,Public electricity and heat production,EU27_2020,European Union - 27 countries (from 2020),2017,,383240,,,,,
dataflow,ESTAT:ENV_AIR_EMIS(1.0),Air pollutants by source sector,A,Annual,T,Tonne,CO,Carbon monoxide,NFR1A1A,Public electricity and heat production,EU27_2020,European Union - 27 countries (from 2020),2018,,366990,,,,,
dataflow,ESTAT:ENV_AIR_EMIS(1.0),Air pollutants by source sector,A,Annual,T,Tonne,CO,Carbon monoxide,NFR1A1A,Public electricity and heat production,EU27_2020,European Union - 27 countries (from 2020),2019,,333870,,,,,
dataflow,ESTAT:ENV_AIR_EMIS(1.0),Air pollutants by source sector,A,Annual,T,Tonne,CO,Carbon monoxide,NFR1A1A,Public electricity and heat production,EU27_2020,European Union - 27 countries (from 2020),2020,,310630,,,,,
dataflow,ESTAT:ENV_AIR_EMIS(1.0),Air pollutants by source sector,A,Annual,T,Tonne,CO,Carbon monoxide,NFR1A1A,Public electricity and heat production,EU27_2020,European Union - 27 countries (from 2020),2021,,353210,,,,,
dataflow,ESTAT:ENV_AIR_EMIS(1.0),Air pollutants by source sector,A,Annual,T,Tonne,CO,Carbon monoxide,NFR1A1A,Public electricity and heat production,EU27_2020,European Union - 27 countries (from 2020),2022,,355760,,,,,
dataflow,ESTAT:ENV_AIR_EMIS(1.0),Air pollutants by source sector,A,Annual,T,Tonne,CO,Carbon monoxide,NFR1A1A,Public electricity and heat production,EU27_2020,European Union - 27 countries (from 2020),2023,,307290,,,,,
dataflow,ESTAT:ENV_AIR_EMIS(1.0),Air pollutants by source sector,A,Annual,T,Tonne,CO,Carbon monoxide,NFR1A1A,Public electricity and heat production,FI,Finland,2014,,13010,,,,,
dataflow,ESTAT:ENV_AIR_EMIS(1.0),Air pollutants by source sector,A,Annual,T,Tonne,CO,Carbon monoxide,NFR1A1A,Public electricity and heat production,FI,Finland,2015,,13200,,,,,
dataflow,ESTAT:ENV_AIR_EMIS(1.0),Air pollutants by source sector,A,Annual,T,Tonne,CO,Carbon monoxide,NFR1A1A,Public electricity and heat production,FI,Finland,2016,,13120,,,,,
dataflow,ESTAT:ENV_AIR_EMIS(1.0),Air pollutants by source sector,A,Annual,T,Tonne,CO,Carbon monoxide,NFR1A1A,Public electricity and heat production,FI,Finland,2017,,13440,,,,,
dataflow,ESTAT:ENV_AIR_EMIS(1.0),Air pollutants by source sector,A,Annual,T,Tonne,CO,Carbon monoxide,NFR1A1A,Public electricity and heat production,FI,Finland,2018,,15640,,,,,
dataflow,ESTAT:ENV_AIR_EMIS(1.0),Air pollutants by source sector,A,Annual,T,Tonne,CO,Carbon monoxide,NFR1A1A,Public electricity and heat production,FI,Finland,2019,,15190,,,,,
dataflow,ESTAT:ENV_AIR_EMIS(1.0),Air pollutants by source sector,A,Annual,T,Tonne,CO,Carbon monoxide,NFR1A1A,Public electricity and heat production,FI,Finland,2020,,15090,,,,,
dataflow,ESTAT:ENV_AIR_EMIS(1.0),Air pollutants by source sector,A,Annual,T,Tonne,CO,Carbon monoxide,NFR1A1A,Public electricity and heat production,FI,Finland,2021,,16600,,,,,
dataflow,ESTAT:ENV_AIR_EMIS(1.0),Air pollutants by source sector,A,Annual,T,Tonne,CO,Carbon monoxide,NFR1A1A,Public electricity and heat production,FI,Finland,2022,,15990,,,,,
dataflow,ESTAT:ENV_AIR_EMIS(1.0),Air pollutants by source sector,A,Annual,T,Tonne,CO,Carbon monoxide,NFR1A1A,Public electricity and heat production,FI,Finland,2023,,14140,,,,,
dataflow,ESTAT:ENV_AIR_EMIS(1.0),Air pollutants by source sector,A,Annual,T,Tonne,CO,Carbon monoxide,NFR1A1A,Public electricity and heat production,FR,France,2014,,11980,,,,,
dataflow,ESTAT:ENV_AIR_EMIS(1.0),Air pollutants by source sector,A,Annual,T,Tonne,CO,Carbon monoxide,NFR1A1A,Public electricity and heat production,FR,France,2015,,16230,,,,,
dataflow,ESTAT:ENV_AIR_EMIS(1.0),Air pollutants by source sector,A,Annual,T,Tonne,CO,Carbon monoxide,NFR1A1A,Public electricity and heat production,FR,France,2016,,21810,,,,,
dataflow,ESTAT:ENV_AIR_EMIS(1.0),Air pollutants by source sector,A,Annual,T,Tonne,CO,Carbon monoxide,NFR1A1A,Public electricity and heat production,FR,France,2017,,24800,,,,,
dataflow,ESTAT:ENV_AIR_EMIS(1.0),Air pollutants by source sector,A,Annual,T,Tonne,CO,Carbon monoxide,NFR1A1A,Public electricity and heat production,FR,France,2018,,19950,,,,,
dataflow,ESTAT:ENV_AIR_EMIS(1.0),Air pollutants by source sector,A,Annual,T,Tonne,CO,Carbon monoxide,NFR1A1A,Public electricity and heat production,FR,France,2019,,22240,,,,,
dataflow,ESTAT:ENV_AIR_EMIS(1.0),Air pollutants by source sector,A,Annual,T,Tonne,CO,Carbon monoxide,NFR1A1A,Public electricity and heat production,FR,France,2020,,20290,,,,,
dataflow,ESTAT:ENV_AIR_EMIS(1.0),Air pollutants by source sector,A,Annual,T,Tonne,CO,Carbon monoxide,NFR1A1A,Public electricity and heat production,FR,France,2021,,23150,,,,,
dataflow,ESTAT:ENV_AIR_EMIS(1.0),Air pollutants by source sector,A,Annual,T,Tonne,CO,Carbon monoxide,NFR1A1A,Public electricity and heat production,FR,France,2022,,25150,,,,,
dataflow,ESTAT:ENV_AIR_EMIS(1.0),Air pollutants by source sector,A,Annual,T,Tonne,CO,Carbon monoxide,NFR1A1A,Public electricity and heat production,FR,France,2023,,21470,,,,,
dataflow,ESTAT:ENV_AIR_EMIS(1.0),Air pollutants by source sector,A,Annual,T,Tonne,CO,Carbon monoxide,NFR1A1A,Public electricity and heat production,HR,Croatia,2014,,370,,,,,
dataflow,ESTAT:ENV_AIR_EMIS(1.0),Air pollutants by source sector,A,Annual,T,Tonne,CO,Carbon monoxide,NFR1A1A,Public electricity and heat production,HR,Croatia,2015,,580,,,,,
dataflow,ESTAT:ENV_AIR_EMIS(1.0),Air pollutants by source sector,A,Annual,T,Tonne,CO,Carbon monoxide,NFR1A1A,Public electricity and heat production,HR,Croatia,2016,,740,,,,,
dataflow,ESTAT:ENV_AIR_EMIS(1.0),Air pollutants by source sector,A,Annual,T,Tonne,CO,Carbon monoxide,NFR1A1A,Public electricity and heat production,HR,Croatia,2017,,970,,,,,
dataflow,ESTAT:ENV_AIR_EMIS(1.0),Air pollutants by source sector,A,Annual,T,Tonne,CO,Carbon monoxide,NFR1A1A,Public electricity and heat production,HR,Croatia,2018,,970,,,,,
dataflow,ESTAT:ENV_AIR_EMIS(1.0),Air pollutants by source sector,A,Annual,T,Tonne,CO,Carbon monoxide,NFR1A1A,Public electricity and heat production,HR,Croatia,2019,,1130,,,,,
dataflow,ESTAT:ENV_AIR_EMIS(1.0),Air pollutants by source sector,A,Annual,T,Tonne,CO,Carbon monoxide,NFR1A1A,Public electricity and heat production,HR,Croatia,2020,,1210,,,,,
dataflow,ESTAT:ENV_AIR_EMIS(1.0),Air pollutants by source sector,A,Annual,T,Tonne,CO,Carbon monoxide,NFR1A1A,Public electricity and heat production,HR,Croatia,2021,,1310,,,,,
dataflow,ESTAT:ENV_AIR_EMIS(1.0),Air pollutants by source sector,A,Annual,T,Tonne,CO,Carbon monoxide,NFR1A1A,Public electricity and heat production,HR,Croatia,2022,,1580,,,,,
dataflow,ESTAT:ENV_AIR_EMIS(1.0),Air pollutants by source sector,A,Annual,T,Tonne,CO,Carbon monoxide,NFR1A1A,Public electricity and heat production,HR,Croatia,2023,,1480,,,,,
dataflow,ESTAT:ENV_AIR_EMIS(1.0),Air pollutants by source sector,A,Annual,T,Tonne,CO,Carbon monoxide,NFR1A1A,Public electricity and heat production,HU,Hungary,2014,,8060,,,,,
dataflow,ESTAT:ENV_AIR_EMIS(1.0),Air pollutants by source sector,A,Annual,T,Tonne,CO,Carbon monoxide,NFR1A1A,Public electricity and heat production,HU,Hungary,2015,,7760,,,,,
dataflow,ESTAT:ENV_AIR_EMIS(1.0),Air pollutants by source sector,A,Annual,T,Tonne,CO,Carbon monoxide,NFR1A1A,Public electricity and heat production,HU,Hungary,2016,,7640,,,,,
dataflow,ESTAT:ENV_AIR_EMIS(1.0),Air pollutants by source sector,A,Annual,T,Tonne,CO,Carbon monoxide,NFR1A1A,Public electricity and heat production,HU,Hungary,2017,,6800,,,,,
dataflow,ESTAT:ENV_AIR_EMIS(1.0),Air pollutants by source sector,A,Annual,T,Tonne,CO,Carbon monoxide,NFR1A1A,Public electricity and heat production,HU,Hungary,2018,,6980,,,,,
dataflow,ESTAT:ENV_AIR_EMIS(1.0),Air pollutants by source sector,A,Annual,T,Tonne,CO,Carbon monoxide,NFR1A1A,Public electricity and heat production,HU,Hungary,2019,,7060,,,,,
dataflow,ESTAT:ENV_AIR_EMIS(1.0),Air pollutants by source sector,A,Annual,T,Tonne,CO,Carbon monoxide,NFR1A1A,Public electricity and heat production,HU,Hungary,2020,,7980,,,,,
dataflow,ESTAT:ENV_AIR_EMIS(1.0),Air pollutants by source sector,A,Annual,T,Tonne,CO,Carbon monoxide,NFR1A1A,Public electricity and heat production,HU,Hungary,2021,,7390,,,,,
dataflow,ESTAT:ENV_AIR_EMIS(1.0),Air pollutants by source sector,A,Annual,T,Tonne,CO,Carbon monoxide,NFR1A1A,Public electricity and heat production,HU,Hungary,2022,,7600,,,,,
dataflow,ESTAT:ENV_AIR_EMIS(1.0),Air pollutants by source sector,A,Annual,T,Tonne,CO,Carbon monoxide,NFR1A1A,Public electricity and heat production,HU,Hungary,2023,,5890,,,,,
dataflow,ESTAT:ENV_AIR_EMIS(1.0),Air pollutants by source sector,A,Annual,T,Tonne,CO,Carbon monoxide,NFR1A1A,Public electricity and heat production,IE,Ireland,2014,,15570,,,,,
dataflow,ESTAT:ENV_AIR_EMIS(1.0),Air pollutants by source sector,A,Annual,T,Tonne,CO,Carbon monoxide,NFR1A1A,Public electricity and heat production,IE,Ireland,2015,,17860,,,,,
dataflow,ESTAT:ENV_AIR_EMIS(1.0),Air pollutants by source sector,A,Annual,T,Tonne,CO,Carbon monoxide,NFR1A1A,Public electricity and heat production,IE,Ireland,2016,,18290,,,,,
dataflow,ESTAT:ENV_AIR_EMIS(1.0),Air pollutants by source sector,A,Annual,T,Tonne,CO,Carbon monoxide,NFR1A1A,Public electricity and heat production,IE,Ireland,2017,,15310,,,,,
dataflow,ESTAT:ENV_AIR_EMIS(1.0),Air pollutants by source sector,A,Annual,T,Tonne,CO,Carbon monoxide,NFR1A1A,Public electricity and heat production,IE,Ireland,2018,,10430,,,,,
dataflow,ESTAT:ENV_AIR_EMIS(1.0),Air pollutants by source sector,A,Annual,T,Tonne,CO,Carbon monoxide,NFR1A1A,Public electricity and heat production,IE,Ireland,2019,,6070,,,,,
dataflow,ESTAT:ENV_AIR_EMIS(1.0),Air pollutants by source sector,A,Annual,T,Tonne,CO,Carbon monoxide,NFR1A1A,Public electricity and heat production,IE,Ireland,2020,,6640,,,,,
dataflow,ESTAT:ENV_AIR_EMIS(1.0),Air pollutants by source sector,A,Annual,T,Tonne,CO,Carbon monoxide,NFR1A1A,Public electricity and heat production,IE,Ireland,2021,,12640,,,,,
dataflow,ESTAT:ENV_AIR_EMIS(1.0),Air pollutants by source sector,A,Annual,T,Tonne,CO,Carbon monoxide,NFR1A1A,Public electricity and heat production,IE,Ireland,2022,,11630,,,,,
dataflow,ESTAT:ENV_AIR_EMIS(1.0),Air pollutants by source sector,A,Annual,T,Tonne,CO,Carbon monoxide,NFR1A1A,Public electricity and heat production,IE,Ireland,2023,,7930,,,,,
dataflow,ESTAT:ENV_AIR_EMIS(1.0),Air pollutants by source sector,A,Annual,T,Tonne,CO,Carbon monoxide,NFR1A1A,Public electricity and heat production,IS,Iceland,2014,,1,,,,,
dataflow,ESTAT:ENV_AIR_EMIS(1.0),Air pollutants by source sector,A,Annual,T,Tonne,CO,Carbon monoxide,NFR1A1A,Public electricity and heat production,IS,Iceland,2015,,1,,,,,
dataflow,ESTAT:ENV_AIR_EMIS(1.0),Air pollutants by source sector,A,Annual,T,Tonne,CO,Carbon monoxide,NFR1A1A,Public electricity and heat production,IS,Iceland,2016,,1,,,,,
dataflow,ESTAT:ENV_AIR_EMIS(1.0),Air pollutants by source sector,A,Annual,T,Tonne,CO,Carbon monoxide,NFR1A1A,Public electricity and heat production,IS,Iceland,2017,,1,,,,,
dataflow,ESTAT:ENV_AIR_EMIS(1.0),Air pollutants by source sector,A,Annual,T,Tonne,CO,Carbon monoxide,NFR1A1A,Public electricity and heat production,IS,Iceland,2018,,1,,,,,
dataflow,ESTAT:ENV_AIR_EMIS(1.0),Air pollutants by source sector,A,Annual,T,Tonne,CO,Carbon monoxide,NFR1A1A,Public electricity and heat production,IS,Iceland,2019,,1,,,,,
dataflow,ESTAT:ENV_AIR_EMIS(1.0),Air pollutants by source sector,A,Annual,T,Tonne,CO,Carbon monoxide,NFR1A1A,Public electricity and heat production,IS,Iceland,2020,,1,,,,,
dataflow,ESTAT:ENV_AIR_EMIS(1.0),Air pollutants by source sector,A,Annual,T,Tonne,CO,Carbon monoxide,NFR1A1A,Public electricity and heat production,IS,Iceland,2021,,1,,,,,
dataflow,ESTAT:ENV_AIR_EMIS(1.0),Air pollutants by source sector,A,Annual,T,Tonne,CO,Carbon monoxide,NFR1A1A,Public electricity and heat production,IS,Iceland,2022,,2,,,,,
dataflow,ESTAT:ENV_AIR_EMIS(1.0),Air pollutants by source sector,A,Annual,T,Tonne,CO,Carbon monoxide,NFR1A1A,Public electricity and heat production,IS,Iceland,2023,,2,,,,,
dataflow,ESTAT:ENV_AIR_EMIS(1.0),Air pollutants by source sector,A,Annual,T,Tonne,CO,Carbon monoxide,NFR1A1A,Public electricity and heat production,IT,Italy,2014,,17660,,,,,
dataflow,ESTAT:ENV_AIR_EMIS(1.0),Air pollutants by source sector,A,Annual,T,Tonne,CO,Carbon monoxide,NFR1A1A,Public electricity and heat production,IT,Italy,2015,,19830,,,,,
dataflow,ESTAT:ENV_AIR_EMIS(1.0),Air pollutants by source sector,A,Annual,T,Tonne,CO,Carbon monoxide,NFR1A1A,Public electricity and heat production,IT,Italy,2016,,20490,,,,,
dataflow,ESTAT:ENV_AIR_EMIS(1.0),Air pollutants by source sector,A,Annual,T,Tonne,CO,Carbon monoxide,NFR1A1A,Public electricity and heat production,IT,Italy,2017,,21830,,,,,
dataflow,ESTAT:ENV_AIR_EMIS(1.0),Air pollutants by source sector,A,Annual,T,Tonne,CO,Carbon monoxide,NFR1A1A,Public electricity and heat production,IT,Italy,2018,,19910,,,,,
dataflow,ESTAT:ENV_AIR_EMIS(1.0),Air pollutants by source sector,A,Annual,T,Tonne,CO,Carbon monoxide,NFR1A1A,Public electricity and heat production,IT,Italy,2019,,20540,,,,,
dataflow,ESTAT:ENV_AIR_EMIS(1.0),Air pollutants by source sector,A,Annual,T,Tonne,CO,Carbon monoxide,NFR1A1A,Public electricity and heat production,IT,Italy,2020,,19110,,,,,
dataflow,ESTAT:ENV_AIR_EMIS(1.0),Air pollutants by source sector,A,Annual,T,Tonne,CO,Carbon monoxide,NFR1A1A,Public electricity and heat production,IT,Italy,2021,,20350,,,,,
dataflow,ESTAT:ENV_AIR_EMIS(1.0),Air pollutants by source sector,A,Annual,T,Tonne,CO,Carbon monoxide,NFR1A1A,Public electricity and heat production,IT,Italy,2022,,20700,,,,,
dataflow,ESTAT:ENV_AIR_EMIS(1.0),Air pollutants by source sector,A,Annual,T,Tonne,CO,Carbon monoxide,NFR1A1A,Public electricity and heat production,IT,Italy,2023,,16300,,,,,
dataflow,ESTAT:ENV_AIR_EMIS(1.0),Air pollutants by source sector,A,Annual,T,Tonne,CO,Carbon monoxide,NFR1A1A,Public electricity and heat production,LI,Liechtenstein,2014,,3,,,,,
dataflow,ESTAT:ENV_AIR_EMIS(1.0),Air pollutants by source sector,A,Annual,T,Tonne,CO,Carbon monoxide,NFR1A1A,Public electricity and heat production,LI,Liechtenstein,2015,,2,,,,,
dataflow,ESTAT:ENV_AIR_EMIS(1.0),Air pollutants by source sector,A,Annual,T,Tonne,CO,Carbon monoxide,NFR1A1A,Public electricity and heat production,LI,Liechtenstein,2016,,2,,,,,
dataflow,ESTAT:ENV_AIR_EMIS(1.0),Air pollutants by source sector,A,Annual,T,Tonne,CO,Carbon monoxide,NFR1A1A,Public electricity and heat production,LI,Liechtenstein,2017,,2,,,,,
dataflow,ESTAT:ENV_AIR_EMIS(1.0),Air pollutants by source sector,A,Annual,T,Tonne,CO,Carbon monoxide,NFR1A1A,Public electricity and heat production,LI,Liechtenstein,2018,,2,,,,,
dataflow,ESTAT:ENV_AIR_EMIS(1.0),Air pollutants by source sector,A,Annual,T,Tonne,CO,Carbon monoxide,NFR1A1A,Public electricity and heat production,LI,Liechtenstein,2019,,4,,,,,
dataflow,ESTAT:ENV_AIR_EMIS(1.0),Air pollutants by source sector,A,Annual,T,Tonne,CO,Carbon monoxide,NFR1A1A,Public electricity and heat production,LI,Liechtenstein,2020,,3,,,,,
dataflow,ESTAT:ENV_AIR_EMIS(1.0),Air pollutants by source sector,A,Annual,T,Tonne,CO,Carbon monoxide,NFR1A1A,Public electricity and heat production,LI,Liechtenstein,2021,,3,,,,,
dataflow,ESTAT:ENV_AIR_EMIS(1.0),Air pollutants by source sector,A,Annual,T,Tonne,CO,Carbon monoxide,NFR1A1A,Public electricity and heat production,LI,Liechtenstein,2022,,3,,,,,
dataflow,ESTAT:ENV_AIR_EMIS(1.0),Air pollutants by source sector,A,Annual,T,Tonne,CO,Carbon monoxide,NFR1A1A,Public electricity and heat production,LI,Liechtenstein,2023,,3,,,,,
dataflow,ESTAT:ENV_AIR_EMIS(1.0),Air pollutants by source sector,A,Annual,T,Tonne,CO,Carbon monoxide,NFR1A1A,Public electricity and heat production,LT,Lithuania,2014,,5700,,,,,
dataflow,ESTAT:ENV_AIR_EMIS(1.0),Air pollutants by source sector,A,Annual,T,Tonne,CO,Carbon monoxide,NFR1A1A,Public electricity and heat production,LT,Lithuania,2015,,6980,,,,,
dataflow,ESTAT:ENV_AIR_EMIS(1.0),Air pollutants by source sector,A,Annual,T,Tonne,CO,Carbon monoxide,NFR1A1A,Public electricity and heat production,LT,Lithuania,2016,,7110,,,,,
dataflow,ESTAT:ENV_AIR_EMIS(1.0),Air pollutants by source sector,A,Annual,T,Tonne,CO,Carbon monoxide,NFR1A1A,Public electricity and heat production,LT,Lithuania,2017,,8100,,,,,
dataflow,ESTAT:ENV_AIR_EMIS(1.0),Air pollutants by source sector,A,Annual,T,Tonne,CO,Carbon monoxide,NFR1A1A,Public electricity and heat production,LT,Lithuania,2018,,7290,,,,,
dataflow,ESTAT:ENV_AIR_EMIS(1.0),Air pollutants by source sector,A,Annual,T,Tonne,CO,Carbon monoxide,NFR1A1A,Public electricity and heat production,LT,Lithuania,2019,,7130,,,,,
dataflow,ESTAT:ENV_AIR_EMIS(1.0),Air pollutants by source sector,A,Annual,T,Tonne,CO,Carbon monoxide,NFR1A1A,Public electricity and heat production,LT,Lithuania,2020,,6990,,,,,
dataflow,ESTAT:ENV_AIR_EMIS(1.0),Air pollutants by source sector,A,Annual,T,Tonne,CO,Carbon monoxide,NFR1A1A,Public electricity and heat production,LT,Lithuania,2021,,8640,,,,,
dataflow,ESTAT:ENV_AIR_EMIS(1.0),Air pollutants by source sector,A,Annual,T,Tonne,CO,Carbon monoxide,NFR1A1A,Public electricity and heat production,LT,Lithuania,2022,,7110,,,,,
dataflow,ESTAT:ENV_AIR_EMIS(1.0),Air pollutants by source sector,A,Annual,T,Tonne,CO,Carbon monoxide,NFR1A1A,Public electricity and heat production,LT,Lithuania,2023,,7070,,,,,
dataflow,ESTAT:ENV_AIR_EMIS(1.0),Air pollutants by source sector,A,Annual,T,Tonne,CO,Carbon monoxide,NFR1A1A,Public electricity and heat production,LU,Luxembourg,2014,,350,,,,,
dataflow,ESTAT:ENV_AIR_EMIS(1.0),Air pollutants by source sector,A,Annual,T,Tonne,CO,Carbon monoxide,NFR1A1A,Public electricity and heat production,LU,Luxembourg,2015,,360,,,,,
dataflow,ESTAT:ENV_AIR_EMIS(1.0),Air pollutants by source sector,A,Annual,T,Tonne,CO,Carbon monoxide,NFR1A1A,Public electricity and heat production,LU,Luxembourg,2016,,350,,,,,
dataflow,ESTAT:ENV_AIR_EMIS(1.0),Air pollutants by source sector,A,Annual,T,Tonne,CO,Carbon monoxide,NFR1A1A,Public electricity and heat production,LU,Luxembourg,2017,,480,,,,,
dataflow,ESTAT:ENV_AIR_EMIS(1.0),Air pollutants by source sector,A,Annual,T,Tonne,CO,Carbon monoxide,NFR1A1A,Public electricity and heat production,LU,Luxembourg,2018,,580,,,,,
dataflow,ESTAT:ENV_AIR_EMIS(1.0),Air pollutants by source sector,A,Annual,T,Tonne,CO,Carbon monoxide,NFR1A1A,Public electricity and heat production,LU,Luxembourg,2019,,440,,,,,
dataflow,ESTAT:ENV_AIR_EMIS(1.0),Air pollutants by source sector,A,Annual,T,Tonne,CO,Carbon monoxide,NFR1A1A,Public electricity and heat production,LU,Luxembourg,2020,,620,,,,,
dataflow,ESTAT:ENV_AIR_EMIS(1.0),Air pollutants by source sector,A,Annual,T,Tonne,CO,Carbon monoxide,NFR1A1A,Public electricity and heat production,LU,Luxembourg,2021,,560,,,,,
dataflow,ESTAT:ENV_AIR_EMIS(1.0),Air pollutants by source sector,A,Annual,T,Tonne,CO,Carbon monoxide,NFR1A1A,Public electricity and heat production,LU,Luxembourg,2022,,340,,,,,
dataflow,ESTAT:ENV_AIR_EMIS(1.0),Air pollutants by source sector,A,Annual,T,Tonne,CO,Carbon monoxide,NFR1A1A,Public electricity and heat production,LU,Luxembourg,2023,,310,,,,,
dataflow,ESTAT:ENV_AIR_EMIS(1.0),Air pollutants by source sector,A,Annual,T,Tonne,CO,Carbon monoxide,NFR1A1A,Public electricity and heat production,LV,Latvia,2014,,4020,,,,,
dataflow,ESTAT:ENV_AIR_EMIS(1.0),Air pollutants by source sector,A,Annual,T,Tonne,CO,Carbon monoxide,NFR1A1A,Public electricity and heat production,LV,Latvia,2015,,4430,,,,,
dataflow,ESTAT:ENV_AIR_EMIS(1.0),Air pollutants by source sector,A,Annual,T,Tonne,CO,Carbon monoxide,NFR1A1A,Public electricity and heat production,LV,Latvia,2016,,5410,,,,,
dataflow,ESTAT:ENV_AIR_EMIS(1.0),Air pollutants by source sector,A,Annual,T,Tonne,CO,Carbon monoxide,NFR1A1A,Public electricity and heat production,LV,Latvia,2017,,6070,,,,,
dataflow,ESTAT:ENV_AIR_EMIS(1.0),Air pollutants by source sector,A,Annual,T,Tonne,CO,Carbon monoxide,NFR1A1A,Public electricity and heat production,LV,Latvia,2018,,6310,,,,,
dataflow,ESTAT:ENV_AIR_EMIS(1.0),Air pollutants by source sector,A,Annual,T,Tonne,CO,Carbon monoxide,NFR1A1A,Public electricity and heat production,LV,Latvia,2019,,6520,,,,,
dataflow,ESTAT:ENV_AIR_EMIS(1.0),Air pollutants by source sector,A,Annual,T,Tonne,CO,Carbon monoxide,NFR1A1A,Public electricity and heat production,LV,Latvia,2020,,6310,,,,,
dataflow,ESTAT:ENV_AIR_EMIS(1.0),Air pollutants by source sector,A,Annual,T,Tonne,CO,Carbon monoxide,NFR1A1A,Public electricity and heat production,LV,Latvia,2021,,7000,,,,,
dataflow,ESTAT:ENV_AIR_EMIS(1.0),Air pollutants by source sector,A,Annual,T,Tonne,CO,Carbon monoxide,NFR1A1A,Public electricity and heat production,LV,Latvia,2022,,6860,,,,,
dataflow,ESTAT:ENV_AIR_EMIS(1.0),Air pollutants by source sector,A,Annual,T,Tonne,CO,Carbon monoxide,NFR1A1A,Public electricity and heat production,LV,Latvia,2023,,6390,,,,,
dataflow,ESTAT:ENV_AIR_EMIS(1.0),Air pollutants by source sector,A,Annual,T,Tonne,CO,Carbon monoxide,NFR1A1A,Public electricity and heat production,MT,Malta,2014,,300,,,,,
dataflow,ESTAT:ENV_AIR_EMIS(1.0),Air pollutants by source sector,A,Annual,T,Tonne,CO,Carbon monoxide,NFR1A1A,Public electricity and heat production,MT,Malta,2015,,170,,,,,
dataflow,ESTAT:ENV_AIR_EMIS(1.0),Air pollutants by source sector,A,Annual,T,Tonne,CO,Carbon monoxide,NFR1A1A,Public electricity and heat production,MT,Malta,2016,,120,,,,,
dataflow,ESTAT:ENV_AIR_EMIS(1.0),Air pollutants by source sector,A,Annual,T,Tonne,CO,Carbon monoxide,NFR1A1A,Public electricity and heat production,MT,Malta,2017,,520,,,,,
dataflow,ESTAT:ENV_AIR_EMIS(1.0),Air pollutants by source sector,A,Annual,T,Tonne,CO,Carbon monoxide,NFR1A1A,Public electricity and heat production,MT,Malta,2018,,100,,,,,
dataflow,ESTAT:ENV_AIR_EMIS(1.0),Air pollutants by source sector,A,Annual,T,Tonne,CO,Carbon monoxide,NFR1A1A,Public electricity and heat production,MT,Malta,2019,,70,,,,,
dataflow,ESTAT:ENV_AIR_EMIS(1.0),Air pollutants by source sector,A,Annual,T,Tonne,CO,Carbon monoxide,NFR1A1A,Public electricity and heat production,MT,Malta,2020,,200,,,,,
dataflow,ESTAT:ENV_AIR_EMIS(1.0),Air pollutants by source sector,A,Annual,T,Tonne,CO,Carbon monoxide,NFR1A1A,Public electricity and heat production,MT,Malta,2021,,160,,,,,
dataflow,ESTAT:ENV_AIR_EMIS(1.0),Air pollutants by source sector,A,Annual,T,Tonne,CO,Carbon monoxide,NFR1A1A,Public electricity and heat production,MT,Malta,2022,,50,,,,,
dataflow,ESTAT:ENV_AIR_EMIS(1.0),Air pollutants by source sector,A,Annual,T,Tonne,CO,Carbon monoxide,NFR1A1A,Public electricity and heat production,MT,Malta,2023,,30,,,,,
dataflow,ESTAT:ENV_AIR_EMIS(1.0),Air pollutants by source sector,A,Annual,T,Tonne,CO,Carbon monoxide,NFR1A1A,Public electricity and heat production,NL,Netherlands,2014,,4630,,,,,
dataflow,ESTAT:ENV_AIR_EMIS(1.0),Air pollutants by source sector,A,Annual,T,Tonne,CO,Carbon monoxide,NFR1A1A,Public electricity and heat production,NL,Netherlands,2015,,4550,,,,,
dataflow,ESTAT:ENV_AIR_EMIS(1.0),Air pollutants by source sector,A,Annual,T,Tonne,CO,Carbon monoxide,NFR1A1A,Public electricity and heat production,NL,Netherlands,2016,,4380,,,,,
dataflow,ESTAT:ENV_AIR_EMIS(1.0),Air pollutants by source sector,A,Annual,T,Tonne,CO,Carbon monoxide,NFR1A1A,Public electricity and heat production,NL,Netherlands,2017,,4050,,,,,
dataflow,ESTAT:ENV_AIR_EMIS(1.0),Air pollutants by source sector,A,Annual,T,Tonne,CO,Carbon monoxide,NFR1A1A,Public electricity and heat production,NL,Netherlands,2018,,4390,,,,,
dataflow,ESTAT:ENV_AIR_EMIS(1.0),Air pollutants by source sector,A,Annual,T,Tonne,CO,Carbon monoxide,NFR1A1A,Public electricity and heat production,NL,Netherlands,2019,,3580,,,,,
dataflow,ESTAT:ENV_AIR_EMIS(1.0),Air pollutants by source sector,A,Annual,T,Tonne,CO,Carbon monoxide,NFR1A1A,Public electricity and heat production,NL,Netherlands,2020,,3470,,,,,
dataflow,ESTAT:ENV_AIR_EMIS(1.0),Air pollutants by source sector,A,Annual,T,Tonne,CO,Carbon monoxide,NFR1A1A,Public electricity and heat production,NL,Netherlands,2021,,4560,,,,,
dataflow,ESTAT:ENV_AIR_EMIS(1.0),Air pollutants by source sector,A,Annual,T,Tonne,CO,Carbon monoxide,NFR1A1A,Public electricity and heat production,NL,Netherlands,2022,,4390,,,,,
dataflow,ESTAT:ENV_AIR_EMIS(1.0),Air pollutants by source sector,A,Annual,T,Tonne,CO,Carbon monoxide,NFR1A1A,Public electricity and heat production,NL,Netherlands,2023,,3620,,,,,
dataflow,ESTAT:ENV_AIR_EMIS(1.0),Air pollutants by source sector,A,Annual,T,Tonne,CO,Carbon monoxide,NFR1A1A,Public electricity and heat production,NO,Norway,2014,,7000,,,,,
dataflow,ESTAT:ENV_AIR_EMIS(1.0),Air pollutants by source sector,A,Annual,T,Tonne,CO,Carbon monoxide,NFR1A1A,Public electricity and heat production,NO,Norway,2015,,7950,,,,,
dataflow,ESTAT:ENV_AIR_EMIS(1.0),Air pollutants by source sector,A,Annual,T,Tonne,CO,Carbon monoxide,NFR1A1A,Public electricity and heat production,NO,Norway,2016,,8640,,,,,
dataflow,ESTAT:ENV_AIR_EMIS(1.0),Air pollutants by source sector,A,Annual,T,Tonne,CO,Carbon monoxide,NFR1A1A,Public electricity and heat production,NO,Norway,2017,,8850,,,,,
dataflow,ESTAT:ENV_AIR_EMIS(1.0),Air pollutants by source sector,A,Annual,T,Tonne,CO,Carbon monoxide,NFR1A1A,Public electricity and heat production,NO,Norway,2018,,9570,,,,,
dataflow,ESTAT:ENV_AIR_EMIS(1.0),Air pollutants by source sector,A,Annual,T,Tonne,CO,Carbon monoxide,NFR1A1A,Public electricity and heat production,NO,Norway,2019,,10290,,,,,
dataflow,ESTAT:ENV_AIR_EMIS(1.0),Air pollutants by source sector,A,Annual,T,Tonne,CO,Carbon monoxide,NFR1A1A,Public electricity and heat production,NO,Norway,2020,,9070,,,,,
dataflow,ESTAT:ENV_AIR_EMIS(1.0),Air pollutants by source sector,A,Annual,T,Tonne,CO,Carbon monoxide,NFR1A1A,Public electricity and heat production,NO,Norway,2021,,10890,,,,,
dataflow,ESTAT:ENV_AIR_EMIS(1.0),Air pollutants by source sector,A,Annual,T,Tonne,CO,Carbon monoxide,NFR1A1A,Public electricity and heat production,NO,Norway,2022,,10730,,,,,
dataflow,ESTAT:ENV_AIR_EMIS(1.0),Air pollutants by source sector,A,Annual,T,Tonne,CO,Carbon monoxide,NFR1A1A,Public electricity and heat production,NO,Norway,2023,,11820,,,,,
dataflow,ESTAT:ENV_AIR_EMIS(1.0),Air pollutants by source sector,A,Annual,T,Tonne,CO,Carbon monoxide,NFR1A1A,Public electricity and heat production,PL,Poland,2014,,56920,,,,,
dataflow,ESTAT:ENV_AIR_EMIS(1.0),Air pollutants by source sector,A,Annual,T,Tonne,CO,Carbon monoxide,NFR1A1A,Public electricity and heat production,PL,Poland,2015,,57650,,,,,
dataflow,ESTAT:ENV_AIR_EMIS(1.0),Air pollutants by source sector,A,Annual,T,Tonne,CO,Carbon monoxide,NFR1A1A,Public electricity and heat production,PL,Poland,2016,,58500,,,,,
dataflow,ESTAT:ENV_AIR_EMIS(1.0),Air pollutants by source sector,A,Annual,T,Tonne,CO,Carbon monoxide,NFR1A1A,Public electricity and heat production,PL,Poland,2017,,62310,,,,,
dataflow,ESTAT:ENV_AIR_EMIS(1.0),Air pollutants by source sector,A,Annual,T,Tonne,CO,Carbon monoxide,NFR1A1A,Public electricity and heat production,PL,Poland,2018,,63280,,,,,
dataflow,ESTAT:ENV_AIR_EMIS(1.0),Air pollutants by source sector,A,Annual,T,Tonne,CO,Carbon monoxide,NFR1A1A,Public electricity and heat production,PL,Poland,2019,,53480,,,,,
dataflow,ESTAT:ENV_AIR_EMIS(1.0),Air pollutants by source sector,A,Annual,T,Tonne,CO,Carbon monoxide,NFR1A1A,Public electricity and heat production,PL,Poland,2020,,46760,,,,,
dataflow,ESTAT:ENV_AIR_EMIS(1.0),Air pollutants by source sector,A,Annual,T,Tonne,CO,Carbon monoxide,NFR1A1A,Public electricity and heat production,PL,Poland,2021,,58430,,,,,
dataflow,ESTAT:ENV_AIR_EMIS(1.0),Air pollutants by source sector,A,Annual,T,Tonne,CO,Carbon monoxide,NFR1A1A,Public electricity and heat production,PL,Poland,2022,,59950,,,,,
dataflow,ESTAT:ENV_AIR_EMIS(1.0),Air pollutants by source sector,A,Annual,T,Tonne,CO,Carbon monoxide,NFR1A1A,Public electricity and heat production,PL,Poland,2023,,49950,,,,,
dataflow,ESTAT:ENV_AIR_EMIS(1.0),Air pollutants by source sector,A,Annual,T,Tonne,CO,Carbon monoxide,NFR1A1A,Public electricity and heat production,PT,Portugal,2014,,2800,,,,,
dataflow,ESTAT:ENV_AIR_EMIS(1.0),Air pollutants by source sector,A,Annual,T,Tonne,CO,Carbon monoxide,NFR1A1A,Public electricity and heat production,PT,Portugal,2015,,3970,,,,,
dataflow,ESTAT:ENV_AIR_EMIS(1.0),Air pollutants by source sector,A,Annual,T,Tonne,CO,Carbon monoxide,NFR1A1A,Public electricity and heat production,PT,Portugal,2016,,4180,,,,,
dataflow,ESTAT:ENV_AIR_EMIS(1.0),Air pollutants by source sector,A,Annual,T,Tonne,CO,Carbon monoxide,NFR1A1A,Public electricity and heat production,PT,Portugal,2017,,5860,,,,,
dataflow,ESTAT:ENV_AIR_EMIS(1.0),Air pollutants by source sector,A,Annual,T,Tonne,CO,Carbon monoxide,NFR1A1A,Public electricity and heat production,PT,Portugal,2018,,4910,,,,,
dataflow,ESTAT:ENV_AIR_EMIS(1.0),Air pollutants by source sector,A,Annual,T,Tonne,CO,Carbon monoxide,NFR1A1A,Public electricity and heat production,PT,Portugal,2019,,4850,,,,,
dataflow,ESTAT:ENV_AIR_EMIS(1.0),Air pollutants by source sector,A,Annual,T,Tonne,CO,Carbon monoxide,NFR1A1A,Public electricity and heat production,PT,Portugal,2020,,4660,,,,,
dataflow,ESTAT:ENV_AIR_EMIS(1.0),Air pollutants by source sector,A,Annual,T,Tonne,CO,Carbon monoxide,NFR1A1A,Public electricity and heat production,PT,Portugal,2021,,4210,,,,,
dataflow,ESTAT:ENV_AIR_EMIS(1.0),Air pollutants by source sector,A,Annual,T,Tonne,CO,Carbon monoxide,NFR1A1A,Public electricity and heat production,PT,Portugal,2022,,4900,,,,,
dataflow,ESTAT:ENV_AIR_EMIS(1.0),Air pollutants by source sector,A,Annual,T,Tonne,CO,Carbon monoxide,NFR1A1A,Public electricity and heat production,PT,Portugal,2023,,3270,,,,,
dataflow,ESTAT:ENV_AIR_EMIS(1.0),Air pollutants by source sector,A,Annual,T,Tonne,CO,Carbon monoxide,NFR1A1A,Public electricity and heat production,RO,Romania,2014,,6900,,,,,
dataflow,ESTAT:ENV_AIR_EMIS(1.0),Air pollutants by source sector,A,Annual,T,Tonne,CO,Carbon monoxide,NFR1A1A,Public electricity and heat production,RO,Romania,2015,,7450,,,,,
dataflow,ESTAT:ENV_AIR_EMIS(1.0),Air pollutants by source sector,A,Annual,T,Tonne,CO,Carbon monoxide,NFR1A1A,Public electricity and heat production,RO,Romania,2016,,7350,,,,,
dataflow,ESTAT:ENV_AIR_EMIS(1.0),Air pollutants by source sector,A,Annual,T,Tonne,CO,Carbon monoxide,NFR1A1A,Public electricity and heat production,RO,Romania,2017,,8140,,,,,
dataflow,ESTAT:ENV_AIR_EMIS(1.0),Air pollutants by source sector,A,Annual,T,Tonne,CO,Carbon monoxide,NFR1A1A,Public electricity and heat production,RO,Romania,2018,,8190,,,,,
dataflow,ESTAT:ENV_AIR_EMIS(1.0),Air pollutants by source sector,A,Annual,T,Tonne,CO,Carbon monoxide,NFR1A1A,Public electricity and heat production,RO,Romania,2019,,7260,,,,,
dataflow,ESTAT:ENV_AIR_EMIS(1.0),Air pollutants by source sector,A,Annual,T,Tonne,CO,Carbon monoxide,NFR1A1A,Public electricity and heat production,RO,Romania,2020,,6890,,,,,
dataflow,ESTAT:ENV_AIR_EMIS(1.0),Air pollutants by source sector,A,Annual,T,Tonne,CO,Carbon monoxide,NFR1A1A,Public electricity and heat production,RO,Romania,2021,,7160,,,,,
dataflow,ESTAT:ENV_AIR_EMIS(1.0),Air pollutants by source sector,A,Annual,T,Tonne,CO,Carbon monoxide,NFR1A1A,Public electricity and heat production,RO,Romania,2022,,6640,,,,,
dataflow,ESTAT:ENV_AIR_EMIS(1.0),Air pollutants by source sector,A,Annual,T,Tonne,CO,Carbon monoxide,NFR1A1A,Public electricity and heat production,RO,Romania,2023,,6100,,,,,
dataflow,ESTAT:ENV_AIR_EMIS(1.0),Air pollutants by source sector,A,Annual,T,Tonne,CO,Carbon monoxide,NFR1A1A,Public electricity and heat production,SE,Sweden,2014,,5010,,,,,
dataflow,ESTAT:ENV_AIR_EMIS(1.0),Air pollutants by source sector,A,Annual,T,Tonne,CO,Carbon monoxide,NFR1A1A,Public electricity and heat production,SE,Sweden,2015,,5070,,,,,
dataflow,ESTAT:ENV_AIR_EMIS(1.0),Air pollutants by source sector,A,Annual,T,Tonne,CO,Carbon monoxide,NFR1A1A,Public electricity and heat production,SE,Sweden,2016,,5510,,,,,
dataflow,ESTAT:ENV_AIR_EMIS(1.0),Air pollutants by source sector,A,Annual,T,Tonne,CO,Carbon monoxide,NFR1A1A,Public electricity and heat production,SE,Sweden,2017,,5480,,,,,
dataflow,ESTAT:ENV_AIR_EMIS(1.0),Air pollutants by source sector,A,Annual,T,Tonne,CO,Carbon monoxide,NFR1A1A,Public electricity and heat production,SE,Sweden,2018,,5510,,,,,
dataflow,ESTAT:ENV_AIR_EMIS(1.0),Air pollutants by source sector,A,Annual,T,Tonne,CO,Carbon monoxide,NFR1A1A,Public electricity and heat production,SE,Sweden,2019,,5420,,,,,
dataflow,ESTAT:ENV_AIR_EMIS(1.0),Air pollutants by source sector,A,Annual,T,Tonne,CO,Carbon monoxide,NFR1A1A,Public electricity and heat production,SE,Sweden,2020,,4750,,,,,
dataflow,ESTAT:ENV_AIR_EMIS(1.0),Air pollutants by source sector,A,Annual,T,Tonne,CO,Carbon monoxide,NFR1A1A,Public electricity and heat production,SE,Sweden,2021,,5740,,,,,
dataflow,ESTAT:ENV_AIR_EMIS(1.0),Air pollutants by source sector,A,Annual,T,Tonne,CO,Carbon monoxide,NFR1A1A,Public electricity and heat production,SE,Sweden,2022,,5510,,,,,
dataflow,ESTAT:ENV_AIR_EMIS(1.0),Air pollutants by source sector,A,Annual,T,Tonne,CO,Carbon monoxide,NFR1A1A,Public electricity and heat production,SE,Sweden,2023,,5380,,,,,
dataflow,ESTAT:ENV_AIR_EMIS(1.0),Air pollutants by source sector,A,Annual,T,Tonne,CO,Carbon monoxide,NFR1A1A,Public electricity and heat production,SI,Slovenia,2014,,1160,,,,,
dataflow,ESTAT:ENV_AIR_EMIS(1.0),Air pollutants by source sector,A,Annual,T,Tonne,CO,Carbon monoxide,NFR1A1A,Public electricity and heat production,SI,Slovenia,2015,,990,,,,,
dataflow,ESTAT:ENV_AIR_EMIS(1.0),Air pollutants by source sector,A,Annual,T,Tonne,CO,Carbon monoxide,NFR1A1A,Public electricity and heat production,SI,Slovenia,2016,,1130,,,,,
dataflow,ESTAT:ENV_AIR_EMIS(1.0),Air pollutants by source sector,A,Annual,T,Tonne,CO,Carbon monoxide,NFR1A1A,Public electricity and heat production,SI,Slovenia,2017,,1370,,,,,
dataflow,ESTAT:ENV_AIR_EMIS(1.0),Air pollutants by source sector,A,Annual,T,Tonne,CO,Carbon monoxide,NFR1A1A,Public electricity and heat production,SI,Slovenia,2018,,1300,,,,,
dataflow,ESTAT:ENV_AIR_EMIS(1.0),Air pollutants by source sector,A,Annual,T,Tonne,CO,Carbon monoxide,NFR1A1A,Public electricity and heat production,SI,Slovenia,2019,,1310,,,,,
dataflow,ESTAT:ENV_AIR_EMIS(1.0),Air pollutants by source sector,A,Annual,T,Tonne,CO,Carbon monoxide,NFR1A1A,Public electricity and heat production,SI,Slovenia,2020,,1330,,,,,
dataflow,ESTAT:ENV_AIR_EMIS(1.0),Air pollutants by source sector,A,Annual,T,Tonne,CO,Carbon monoxide,NFR1A1A,Public electricity and heat production,SI,Slovenia,2021,,1410,,,,,
dataflow,ESTAT:ENV_AIR_EMIS(1.0),Air pollutants by source sector,A,Annual,T,Tonne,CO,Carbon monoxide,NFR1A1A,Public electricity and heat production,SI,Slovenia,2022,,1200,,,,,
dataflow,ESTAT:ENV_AIR_EMIS(1.0),Air pollutants by source sector,A,Annual,T,Tonne,CO,Carbon monoxide,NFR1A1A,Public electricity and heat production,SI,Slovenia,2023,,1180,,,,,
dataflow,ESTAT:ENV_AIR_EMIS(1.0),Air pollutants by source sector,A,Annual,T,Tonne,CO,Carbon monoxide,NFR1A1A,Public electricity and heat production,SK,Slovakia,2014,,1680,,,,,
dataflow,ESTAT:ENV_AIR_EMIS(1.0),Air pollutants by source sector,A,Annual,T,Tonne,CO,Carbon monoxide,NFR1A1A,Public electricity and heat production,SK,Slovakia,2015,,1670,,,,,
dataflow,ESTAT:ENV_AIR_EMIS(1.0),Air pollutants by source sector,A,Annual,T,Tonne,CO,Carbon monoxide,NFR1A1A,Public electricity and heat production,SK,Slovakia,2016,,2170,,,,,
dataflow,ESTAT:ENV_AIR_EMIS(1.0),Air pollutants by source sector,A,Annual,T,Tonne,CO,Carbon monoxide,NFR1A1A,Public electricity and heat production,SK,Slovakia,2017,,1770,,,,,
dataflow,ESTAT:ENV_AIR_EMIS(1.0),Air pollutants by source sector,A,Annual,T,Tonne,CO,Carbon monoxide,NFR1A1A,Public electricity and heat production,SK,Slovakia,2018,,1570,,,,,
dataflow,ESTAT:ENV_AIR_EMIS(1.0),Air pollutants by source sector,A,Annual,T,Tonne,CO,Carbon monoxide,NFR1A1A,Public electricity and heat production,SK,Slovakia,2019,,1420,,,,,
dataflow,ESTAT:ENV_AIR_EMIS(1.0),Air pollutants by source sector,A,Annual,T,Tonne,CO,Carbon monoxide,NFR1A1A,Public electricity and heat production,SK,Slovakia,2020,,1450,,,,,
dataflow,ESTAT:ENV_AIR_EMIS(1.0),Air pollutants by source sector,A,Annual,T,Tonne,CO,Carbon monoxide,NFR1A1A,Public electricity and heat production,SK,Slovakia,2021,,1870,,,,,
dataflow,ESTAT:ENV_AIR_EMIS(1.0),Air pollutants by source sector,A,Annual,T,Tonne,CO,Carbon monoxide,NFR1A1A,Public electricity and heat production,SK,Slovakia,2022,,1870,,,,,
dataflow,ESTAT:ENV_AIR_EMIS(1.0),Air pollutants by source sector,A,Annual,T,Tonne,CO,Carbon monoxide,NFR1A1A,Public electricity and heat production,SK,Slovakia,2023,,1700,,,,,
dataflow,ESTAT:ENV_AIR_EMIS(1.0),Air pollutants by source sector,A,Annual,T,Tonne,CO,Carbon monoxide,NFR1A1A,Public electricity and heat production,TR,Türkiye,2014,,43940,,,,,
dataflow,ESTAT:ENV_AIR_EMIS(1.0),Air pollutants by source sector,A,Annual,T,Tonne,CO,Carbon monoxide,NFR1A1A,Public electricity and heat production,TR,Türkiye,2015,,35850,,,,,
dataflow,ESTAT:ENV_AIR_EMIS(1.0),Air pollutants by source sector,A,Annual,T,Tonne,CO,Carbon monoxide,NFR1A1A,Public electricity and heat production,TR,Türkiye,2016,,35660,,,,,
dataflow,ESTAT:ENV_AIR_EMIS(1.0),Air pollutants by source sector,A,Annual,T,Tonne,CO,Carbon monoxide,NFR1A1A,Public electricity and heat production,TR,Türkiye,2017,,41200,,,,,
dataflow,ESTAT:ENV_AIR_EMIS(1.0),Air pollutants by source sector,A,Annual,T,Tonne,CO,Carbon monoxide,NFR1A1A,Public electricity and heat production,TR,Türkiye,2018,,37870,,,,,
dataflow,ESTAT:ENV_AIR_EMIS(1.0),Air pollutants by source sector,A,Annual,T,Tonne,CO,Carbon monoxide,NFR1A1A,Public electricity and heat production,TR,Türkiye,2019,,29700,,,,,
dataflow,ESTAT:ENV_AIR_EMIS(1.0),Air pollutants by source sector,A,Annual,T,Tonne,CO,Carbon monoxide,NFR1A1A,Public electricity and heat production,TR,Türkiye,2020,,32420,,,,,
dataflow,ESTAT:ENV_AIR_EMIS(1.0),Air pollutants by source sector,A,Annual,T,Tonne,CO,Carbon monoxide,NFR1A1A,Public electricity and heat production,TR,Türkiye,2021,,44600,,,,,
dataflow,ESTAT:ENV_AIR_EMIS(1.0),Air pollutants by source sector,A,Annual,T,Tonne,CO,Carbon monoxide,NFR1A1A,Public electricity and heat production,TR,Türkiye,2022,,38670,,,,,
dataflow,ESTAT:ENV_AIR_EMIS(1.0),Air pollutants by source sector,A,Annual,T,Tonne,CO,Carbon monoxide,NFR1A1A,Public electricity and heat production,TR,Türkiye,2023,,37850,,,,,
